,cited,verdict,verdictDate,invalidProb,preCite,citeFreq
0,4733971,0,1997-01-03,0.0,0.0,6.0
1,4733971,0,1997-01-03,0.6262520236545399,1.0,12.0
2,4656605,0,1997-01-03,0.0,0.0,13.0
3,4656605,0,1997-01-03,0.5448376173064107,1.0,40.0
4,5186347,0,2005-01-06,0.0,0.0,12.0
5,5186347,0,2005-01-06,0.3624188311688312,1.0,20.0
6,5589984,0,2005-01-19,0.0,0.0,10.0
7,5589984,0,2005-01-19,0.6453353260224078,1.0,6.0
8,4817089,0,1997-07-30,0.0,0.0,41.0
9,4817089,0,1997-07-30,0.6035094155050134,1.0,66.0
10,5376006,0,1997-10-10,0.0,0.0,25.0
11,5376006,0,1997-10-10,0.7254635911352328,1.0,10.0
12,5191290,0,1997-09-17,0.0,,
13,5633015,0,2005-06-13,0.0,0.0,4.0
14,5633015,0,2005-06-13,0.6533112277793128,1.0,23.0
15,4018994,0,1998-02-03,0.0,0.0,1.0
16,4018994,0,1998-02-03,0.5193965517241379,1.0,21.0
17,4889675,0,1998-05-14,0.6956153100775194,1.0,17.0
18,5209737,0,1998-06-30,0.0,0.0,19.0
19,5209737,0,1998-06-30,0.6767536670449291,1.0,27.0
20,6157850,0,2005-09-07,0.0,0.0,296.0
21,6157850,0,2005-09-07,0.7420699384404925,1.0,96.0
22,4763440,0,1998-07-10,0.0,0.0,4.0
23,4763440,0,1998-07-10,0.5304252742907977,1.0,4.0
24,6520862,0,2005-11-04,0.0,0.0,8.0
25,6520862,0,2005-11-04,0.6710181866215152,1.0,18.0
26,5307656,0,1998-09-10,0.0,0.0,9.0
27,5307656,0,1998-09-10,0.6922487745098039,1.0,13.0
28,4944308,0,1998-09-30,0.0,0.0,32.0
29,4944308,0,1998-09-30,0.6074244664870267,1.0,27.0
30,5011743,0,1998-10-06,0.0,0.0,5.0
31,5011743,0,1998-10-06,0.4272087998983323,1.0,11.0
32,5335227,0,1998-11-24,0.0,0.0,1.0
33,5335227,0,1998-11-24,0.5658741694352161,1.0,5.0
34,5186938,0,1998-11-25,0.0,0.0,7.0
35,5186938,0,1998-11-25,0.6563300004830217,1.0,7.0
36,4976532,0,1999-03-30,0.0,0.0,1.0
37,4976532,0,1999-03-30,0.4921534984934717,1.0,6.0
38,4774941,0,1999-07-14,0.0,0.0,36.0
39,4774941,0,1999-07-14,0.6670452457275864,1.0,20.0
40,4448419,0,1999-07-20,0.0,0.0,185.0
41,4448419,0,1999-07-20,0.6103896103896104,1.0,40.0
42,5575405,0,1999-08-06,0.0,0.0,23.0
43,5465152,0,1999-09-03,0.0,0.0,37.0
44,5465152,0,1999-09-03,0.7093542980285737,1.0,22.0
45,4107257,0,1999-09-30,0.0,0.0,3.0
46,4107257,0,1999-09-30,0.6557455125310454,1.0,6.0
47,4647496,0,1999-11-01,0.0,0.0,32.0
48,4647496,0,1999-11-01,0.4598930481283423,1.0,28.0
49,4935047,0,2000-01-27,0.0,0.0,2.0
50,4935047,0,2000-01-27,0.6171478828600405,1.0,40.0
51,5502941,0,2000-02-29,0.0,0.0,12.0
52,5502941,0,2000-02-29,0.6262520236545399,1.0,7.0
53,5288393,0,2000-03-29,0.0,0.0,14.0
54,5288393,0,2000-03-29,0.6151413878745883,1.0,2.0
55,6589541,0,2006-12-12,0.0,0.0,1.0
56,6589541,0,2006-12-12,0.7093542980285737,1.0,1.0
57,4509939,0,1994-04-05,0.0,0.0,1.0
58,4509939,0,1994-04-05,0.5767999903992511,1.0,5.0
59,4916163,0,2000-09-11,0.0,0.0,3.0
60,4916163,0,2000-09-11,0.3955576620082749,1.0,9.0
61,5169227,0,2000-09-28,0.0,0.0,1.0
62,5169227,0,2000-09-28,0.6588854734151017,1.0,3.0
63,4283408,0,2000-11-03,0.0,0.0,14.0
64,4283408,0,2000-11-03,0.5193965517241379,1.0,29.0
65,5484402,0,2000-12-12,0.0,0.0,16.0
66,5484402,0,2000-12-12,0.5470026662079642,1.0,15.0
67,4314081,0,2001-05-30,0.0,0.0,20.0
68,4314081,0,2001-05-30,0.5767876231896791,1.0,60.0
69,4696290,0,2001-06-08,0.0,0.0,135.0
70,4696290,0,2001-06-08,0.6283161432676518,1.0,69.0
71,4972649,0,2001-08-21,0.0,0.0,8.0
72,4972649,0,2001-08-21,0.5642743231398519,1.0,45.0
73,4537375,0,2001-11-13,0.0,0.0,6.0
74,4537375,0,2001-11-13,0.5528699363550356,1.0,23.0
75,4973511,0,2002-05-13,0.0,0.0,25.0
76,4973511,0,2002-05-13,0.6670452457275864,1.0,35.0
77,6039119,0,2002-05-14,0.0,0.0,24.0
78,6039119,0,2002-05-14,0.663682107010172,1.0,14.0
79,5575405,0,2002-06-07,0.0,0.0,28.0
80,5575405,0,2002-06-07,0.6804113042823813,1.0,15.0
81,4581953,0,2002-06-21,0.0,0.0,2.0
82,4581953,0,2002-06-21,0.6475146092919926,1.0,10.0
83,5169716,0,2002-08-30,0.0,0.0,10.0
84,5169716,0,2002-08-30,0.6769822006472491,1.0,9.0
85,5163368,0,2002-09-17,0.0,0.0,13.0
86,5163368,0,2002-09-17,0.6512656154961868,1.0,21.0
87,6006291,0,2003-02-14,0.0,0.0,1.0
88,6006291,0,2003-02-14,0.6206799739168236,1.0,9.0
89,5476778,0,2003-02-21,0.0,0.0,17.0
90,5476778,0,2003-02-21,0.5790590069405233,1.0,19.0
91,4505373,0,2003-04-01,0.0,0.0,1.0
92,4505373,0,2003-04-01,0.6727089524895167,1.0,4.0
93,4135202,0,2003-07-21,0.0,0.0,17.0
94,4135202,0,2003-07-21,0.7227698771816421,1.0,30.0
95,6017855,0,2003-08-06,0.0,0.0,11.0
96,6017855,0,2003-08-06,0.7718973773228485,1.0,5.0
97,3882638,0,1994-09-12,0.0,0.0,4.0
98,3882638,0,1994-09-12,0.6151413878745883,1.0,15.0
99,4621077,0,2003-10-30,0.0,0.0,18.0
100,4621077,0,2003-10-30,0.6267752391254192,1.0,50.0
101,4785822,0,2003-12-04,0.0,0.0,25.0
102,4785822,0,2003-12-04,0.5923140902243053,1.0,19.0
103,5673989,0,2004-01-20,0.0,0.0,11.0
104,5673989,0,2004-01-20,0.7016400370593112,1.0,7.0
105,5926792,0,2004-03-01,0.0,0.0,43.0
106,5926792,0,2004-03-01,0.749262400885119,1.0,37.0
107,4940658,0,2004-06-08,0.0,0.0,21.0
108,4940658,0,2004-06-08,0.5275758724034586,1.0,28.0
109,5969119,0,2010-03-25,0.0,0.0,20.0
110,5969119,0,2010-03-25,0.6533088235294117,1.0,14.0
111,4562181,0,2004-07-27,0.0,0.0,3.0
112,4562181,0,2004-07-27,0.7227698771816421,1.0,10.0
113,4407288,0,2004-08-31,0.0,0.0,155.0
114,4407288,0,2004-08-31,0.4208211100766479,1.0,137.0
115,5763047,0,2004-09-14,0.6207272453889334,1.0,4.0
116,4588580,0,2004-12-10,0.0,0.0,56.0
117,4588580,0,2004-12-10,0.5737364650285602,1.0,105.0
118,3921120,0,2005-02-28,0.3624188311688312,1.0,13.0
119,5845265,0,2005-03-16,0.0,0.0,273.0
120,5845265,0,2005-03-16,0.412483039348711,1.0,265.0
121,4636214,0,2005-03-28,0.7433726010298018,1.0,8.0
122,5799151,0,2005-04-22,0.0,0.0,49.0
123,5799151,0,2005-04-22,0.6800537211133239,1.0,141.0
124,5697882,0,2005-05-10,0.0,0.0,181.0
125,5697882,0,2005-05-10,0.7194318438391591,1.0,274.0
126,5711752,0,2005-05-16,0.0,0.0,1.0
127,5711752,0,2005-05-16,0.7507751937984497,1.0,12.0
128,5505233,0,2002-06-24,0.6171241693629754,1.0,2.0
129,5951927,0,2005-08-08,0.0,0.0,6.0
130,5951927,0,2005-08-08,0.6164438210795826,1.0,10.0
131,6076094,0,2005-08-19,0.0,0.0,13.0
132,6076094,0,2005-08-19,0.6529583322603074,1.0,31.0
133,5110046,0,2005-09-19,0.0,0.0,7.0
134,5110046,0,2005-09-19,0.6453353260224078,1.0,11.0
135,4981797,0,2005-10-05,0.0,0.0,3.0
136,4981797,0,2005-10-05,0.7433726010298018,1.0,8.0
137,5464709,0,2006-01-25,0.0,0.0,4.0
138,5464709,0,2006-01-25,0.5205510285121389,1.0,12.0
139,5658590,0,2011-07-29,0.0,0.0,19.0
140,5658590,0,2011-07-29,0.254119821346065,1.0,13.0
141,6266892,0,2011-09-02,0.0,0.0,14.0
142,6266892,0,2011-09-02,0.4236540158870256,1.0,13.0
143,4550540,0,1995-01-04,0.0,0.0,7.0
144,4550540,0,1995-01-04,0.5709080777556311,1.0,21.0
145,6306382,0,2006-03-21,0.0,0.0,4.0
146,6306382,0,2006-03-21,0.5583564358682455,1.0,4.0
147,5900514,0,2006-03-23,0.0,0.0,1.0
148,6781231,0,2011-06-03,0.0,0.0,127.0
149,6781231,0,2011-06-03,0.674157956250913,1.0,108.0
150,3684560,0,1995-01-23,0.0,0.0,4.0
151,3684560,0,1995-01-23,0.5246576223236674,1.0,17.0
152,5382714,0,2006-09-25,0.0,0.0,13.0
153,5382714,0,2006-09-25,0.6074244664870267,1.0,46.0
154,5367726,0,2006-10-02,0.0,0.0,15.0
155,5367726,0,2006-10-02,0.6667875228220056,1.0,43.0
156,5229382,0,2006-12-26,0.0,0.0,17.0
157,5229382,0,2006-12-26,0.625429717341482,1.0,73.0
158,5449865,0,2012-05-29,0.0,0.0,11.0
159,5449865,0,2012-05-29,0.663921188630491,1.0,15.0
160,6381354,0,2012-05-25,0.0,0.0,32.0
161,6381354,0,2012-05-25,0.663921188630491,1.0,139.0
162,6502579,0,2007-06-27,0.0,,
163,4687777,0,2007-06-28,0.0,0.0,48.0
164,4687777,0,2007-06-28,0.7774353553423321,1.0,81.0
165,5688819,0,2013-01-28,0.0,0.0,71.0
166,5688819,0,2013-01-28,0.3699059561128527,1.0,112.0
167,5799273,0,2007-10-12,0.0,0.0,33.0
168,5799273,0,2007-10-12,0.5193965517241379,1.0,78.0
169,6044471,0,2007-11-16,0.0,0.0,98.0
170,6044471,0,2007-11-16,0.4187430786267996,1.0,121.0
171,5466823,0,2008-03-07,0.0,0.0,28.0
172,5466823,0,2008-03-07,0.4247596153846154,1.0,80.0
173,4521431,0,1995-04-21,0.0,0.0,6.0
174,4521431,0,1995-04-21,0.4992917638032284,1.0,8.0
175,5471593,0,2008-04-01,0.0,0.0,23.0
176,5471593,0,2008-04-01,0.6283966617721973,1.0,120.0
177,7287109,0,2013-06-28,0.0,0.0,13.0
178,7287109,0,2013-06-28,0.6552448565633149,1.0,29.0
179,6083213,0,2008-08-18,0.0,0.0,3.0
180,6083213,0,2008-08-18,0.7161102746482528,1.0,8.0
181,5955955,0,2013-09-06,0.5565990092640247,1.0,18.0
182,5772874,0,2008-10-07,0.0,0.0,40.0
183,5772874,0,2008-10-07,0.7401756819232548,1.0,18.0
184,5657317,0,2008-09-24,0.0,0.0,40.0
185,5657317,0,2008-09-24,0.6829347123464771,1.0,119.0
186,5527814,0,2008-10-03,0.0,0.0,4.0
187,5527814,0,2008-10-03,0.3104567845947156,1.0,15.0
188,5113780,0,2013-09-19,0.0,0.0,22.0
189,5113780,0,2013-09-19,0.7491605521701281,1.0,12.0
190,4847265,0,2008-12-12,0.0,0.0,9.0
191,4847265,0,2008-12-12,0.6385898100051804,1.0,34.0
192,5743942,0,2009-01-30,0.0,0.0,2.0
193,5743942,0,2009-01-30,0.586146612008681,1.0,20.0
194,6197819,0,2014-02-06,0.655242139959432,1.0,27.0
195,4739762,0,2009-03-31,0.0,0.0,237.0
196,4739762,0,2009-03-31,0.4167289021657953,1.0,907.0
197,5583122,0,2009-05-13,0.0,0.0,5.0
198,5583122,0,2009-05-13,0.4167289021657953,1.0,22.0
199,6679573,0,2009-07-20,0.0,0.0,7.0
200,6679573,0,2009-07-20,0.6762474876314162,1.0,12.0
201,4763356,0,2009-09-11,0.0,0.0,43.0
202,4763356,0,2009-09-11,0.5680035230247958,1.0,178.0
203,6355623,0,2009-09-16,0.0,0.0,17.0
204,6355623,0,2009-09-16,0.3797238372093024,1.0,15.0
205,5247434,0,2009-09-10,0.0,0.0,191.0
206,5247434,0,2009-09-10,0.6283966617721974,1.0,133.0
207,4886812,0,2010-01-25,0.0,0.0,12.0
208,4886812,0,2010-01-25,0.7965632406808878,1.0,21.0
209,7395090,0,2014-12-16,0.0,0.0,15.0
210,7395090,0,2014-12-16,0.7260193295077016,1.0,34.0
211,6766304,0,2010-02-25,0.0,0.0,111.0
212,6766304,0,2010-02-25,0.32528067361668,1.0,152.0
213,6993858,0,2010-02-24,0.0,0.0,7.0
214,6993858,0,2010-02-24,0.7057939053728949,1.0,11.0
215,7000125,0,2010-03-30,0.0,0.0,13.0
216,7000125,0,2010-03-30,0.3754595588235294,1.0,52.0
217,4880076,0,2010-04-01,0.0,0.0,24.0
218,4880076,0,2010-04-01,0.6290070194440683,1.0,65.0
219,6937187,0,2010-04-12,0.0,0.0,88.0
220,6937187,0,2010-04-12,0.6854369977037887,1.0,45.0
221,6115074,0,2010-05-26,0.0,0.0,54.0
222,6115074,0,2010-05-26,0.6732168136167557,1.0,42.0
223,6467914,0,2010-05-25,0.686065105653912,1.0,1.0
224,6316023,0,2015-05-21,0.7047441860465117,1.0,1.0
225,4835763,0,2010-07-06,0.4843536251709986,1.0,58.0
226,7757946,0,2015-06-10,0.0,0.0,2.0
227,7757946,0,2015-06-10,0.6787878787878788,1.0,3.0
228,6906086,0,2010-09-01,0.0,0.0,1.0
229,6906086,0,2010-09-01,0.7133379213754467,1.0,3.0
230,5616599,0,2010-09-09,0.0,0.0,33.0
231,5616599,0,2010-09-09,0.6178656614703126,1.0,30.0
232,6936071,0,2010-09-09,0.0,0.0,71.0
233,6936071,0,2010-09-09,0.5954265285996054,1.0,128.0
234,6433419,0,2010-12-21,0.0,0.0,10.0
235,6433419,0,2010-12-21,0.6178656614703126,1.0,37.0
236,7141906,0,2016-04-06,0.0,0.0,1.0
237,7141906,0,2016-04-06,0.6833516242317823,1.0,20.0
238,5663106,0,2011-05-23,0.0,0.0,10.0
239,5663106,0,2011-05-23,0.7455383763523299,1.0,99.0
240,5544417,0,2016-05-18,0.6048352713178294,1.0,13.0
241,5852277,0,2011-06-13,0.0,0.0,3.0
242,5852277,0,2011-06-13,0.5990277390890221,1.0,24.0
243,7109373,0,2011-06-24,0.615094171997157,1.0,3.0
244,5693473,0,2011-07-29,0.0,0.0,1.0
245,5693473,0,2011-07-29,0.6953250528541226,1.0,20.0
246,6202649,0,2011-08-26,0.0,0.0,10.0
247,6202649,0,2011-08-26,0.6849832638625742,1.0,34.0
248,5330526,0,2016-07-28,0.0,0.0,2.0
249,5330526,0,2016-07-28,0.7566404293381038,1.0,41.0
250,6420139,0,2011-08-31,0.0,0.0,3.0
251,6420139,0,2011-08-31,0.4655300867778031,1.0,3.0
252,6319913,0,2016-10-14,0.0,0.0,1.0
253,6319913,0,2016-10-14,0.6574,1.0,101.0
254,6879830,0,2012-01-30,0.0,0.0,11.0
255,6879830,0,2012-01-30,0.7289279348102877,1.0,30.0
256,5084994,0,1995-10-10,0.0,0.0,1.0
257,5084994,0,1995-10-10,0.5645385226903741,1.0,4.0
258,5006528,0,2012-05-07,0.0,0.0,34.0
259,5006528,0,2012-05-07,0.6769056847545221,1.0,67.0
260,8041805,0,2017-02-13,0.6583787064802819,1.0,2.0
261,6182649,0,2017-03-01,0.6848917804141684,1.0,5.0
262,5970479,0,2012-07-09,0.0,0.0,32.0
263,5970479,0,2012-07-09,0.7431465233152084,1.0,343.0
264,5693473,0,2012-08-16,0.0,0.0,1.0
265,5693473,0,2012-08-16,0.6953250528541226,1.0,20.0
266,5344932,0,2012-08-24,0.0,0.0,7.0
267,5344932,0,2012-08-24,0.777435355342332,1.0,35.0
268,6433277,0,2012-08-22,0.0,0.0,14.0
269,6433277,0,2012-08-22,0.6146851676653001,1.0,30.0
270,5740670,0,2012-08-28,0.0,0.0,6.0
271,5740670,0,2012-08-28,0.7633140008140008,1.0,12.0
272,5550578,0,2012-08-24,0.0,0.0,43.0
273,5550578,0,2012-08-24,0.7364073426573428,1.0,177.0
274,7399772,0,2012-09-04,0.0,0.0,18.0
275,7399772,0,2012-09-04,0.4718022094085407,1.0,17.0
276,6060499,0,2012-09-28,0.0,0.0,14.0
277,6060499,0,2012-09-28,0.5908686549192628,1.0,14.0
278,6979117,0,2012-09-06,0.0,0.0,2.0
279,6979117,0,2012-09-06,0.6583787064802819,1.0,5.0
280,4879749,0,2012-10-12,0.0,0.0,11.0
281,4879749,0,2012-10-12,0.66457991242474,1.0,53.0
282,6047781,0,2012-11-15,0.0,0.0,14.0
283,6047781,0,2012-11-15,0.7602272727272728,1.0,45.0
284,4356170,0,1993-10-06,0.0,0.0,40.0
285,4356170,0,1993-10-06,0.5015856236786469,1.0,29.0
286,7853243,0,2017-07-14,0.0,0.0,1.0
287,7853243,0,2017-07-14,0.5122720954950535,1.0,35.0
288,6052980,0,2012-12-04,0.0,0.0,1.0
289,6052980,0,2012-12-04,0.536614143259496,1.0,6.0
290,6249876,0,2013-03-26,0.0,0.0,9.0
291,6249876,0,2013-03-26,0.6997169022647819,1.0,63.0
292,3182511,0,1983-07-21,0.0,0.0,1.0
293,3182511,0,1983-07-21,0.3786600496277916,1.0,4.0
294,6000608,0,2013-05-20,0.0,0.0,42.0
295,6000608,0,2013-05-20,0.6616738237490665,1.0,382.0
296,5337753,0,2013-04-26,0.0,0.0,2.0
297,5337753,0,2013-04-26,0.6226572945417015,1.0,10.0
298,3758051,0,1983-09-20,0.0,0.0,3.0
299,3758051,0,1983-09-20,0.326530612244898,1.0,5.0
300,7030149,0,2017-12-22,0.6488980582524272,1.0,20.0
301,8807861,0,2017-11-22,0.6880000000000001,1.0,1.0
302,3459199,0,1983-11-23,0.0,0.0,7.0
303,3459199,0,1983-11-23,0.425,1.0,3.0
304,5800808,0,2013-07-26,0.0,0.0,17.0
305,5800808,0,2013-07-26,0.2733836206896552,1.0,51.0
306,3178820,0,1984-01-04,0.0,0.0,1.0
307,3178820,0,1984-01-04,0.34369501466275665,1.0,3.0
308,5985347,0,2013-08-06,0.0,0.0,1.0
309,5985347,0,2013-08-06,0.594588122605364,1.0,7.0
310,3760424,0,1984-01-24,0.2620967741935484,1.0,2.0
311,7030149,0,2013-05-01,0.0,0.0,11.0
312,7030149,0,2013-05-01,0.7741016768698429,1.0,9.0
313,6753013,0,2013-08-12,0.0,0.0,15.0
314,6753013,0,2013-08-12,0.6384310908271353,1.0,33.0
315,3837292,0,1984-01-25,0.0,0.0,1.0
316,3837292,0,1984-01-25,0.31355311355311355,1.0,6.0
317,5275616,0,2013-09-11,0.0,0.0,34.0
318,5275616,0,2013-09-11,0.7561663143058492,1.0,346.0
319,3345458,0,1984-03-20,0.0,0.0,3.0
320,3345458,0,1984-03-20,0.4701612903225806,1.0,16.0
321,3945315,0,1984-03-21,0.0,0.0,2.0
322,3945315,0,1984-03-21,0.50625,1.0,6.0
323,3523889,0,1984-03-27,0.0,0.0,7.0
324,3523889,0,1984-03-27,0.417948717948718,1.0,12.0
325,3282600,0,1984-03-29,0.0,,
326,4183057,0,1984-04-27,0.0,0.0,1.0
327,4183057,0,1984-04-27,0.3473684210526316,1.0,1.0
328,6610545,0,2013-12-30,0.0,0.0,1.0
329,6610545,0,2013-12-30,0.5336364534941187,1.0,29.0
330,3319515,0,1984-07-12,0.0,0.0,4.0
331,3319515,0,1984-07-12,0.2595499738356881,1.0,8.0
332,6411941,0,2014-03-03,0.0,0.0,1.0
333,6411941,0,2014-03-03,0.5709195402298851,1.0,48.0
334,3494297,0,1984-11-09,0.0,0.0,1.0
335,3494297,0,1984-11-09,0.499151103565365,1.0,18.0
336,6618707,0,2014-04-07,0.0,0.0,17.0
337,6618707,0,2014-04-07,0.7075169801462905,1.0,247.0
338,5721244,0,2014-04-21,0.6469137926091568,1.0,1.0
339,6946149,0,2014-04-22,0.0,0.0,2.0
340,6946149,0,2014-04-22,0.7459502262443439,1.0,14.0
341,3447978,0,1984-12-27,0.0,0.0,16.0
342,3447978,0,1984-12-27,0.38857142857142857,1.0,9.0
343,6925357,0,2014-05-09,0.0,0.0,29.0
344,6925357,0,2014-05-09,0.6179831595829992,1.0,200.0
345,3181461,0,1985-02-21,0.0,0.0,5.0
346,3181461,0,1985-02-21,0.3428571428571429,1.0,15.0
347,7640320,0,2014-06-20,0.0,0.0,4.0
348,7640320,0,2014-06-20,0.6627277236652237,1.0,9.0
349,2945666,0,1985-03-12,0.0,0.0,2.0
350,2945666,0,1985-03-12,0.3424287739604979,1.0,3.0
351,7947739,0,2014-08-22,0.7568848141522561,1.0,7.0
352,3941926,0,1985-07-18,0.0,0.0,3.0
353,3941926,0,1985-07-18,0.23004531195538516,1.0,8.0
354,3637153,0,1985-06-26,0.0,0.0,3.0
355,3637153,0,1985-06-26,0.3818181818181817,1.0,9.0
356,6502135,0,2014-09-16,0.0,0.0,20.0
357,6502135,0,2014-09-16,0.5333333333333333,1.0,261.0
358,6158011,0,2014-10-14,0.0,0.0,5.0
359,6158011,0,2014-10-14,0.6874552146439972,1.0,122.0
360,3537146,0,1985-10-02,0.0,0.0,1.0
361,3537146,0,1985-10-02,0.3387417218543046,1.0,10.0
362,3409579,0,1985-10-25,0.0,0.0,7.0
363,3409579,0,1985-10-25,0.5125,1.0,52.0
364,4261339,0,1985-11-01,0.0,0.0,10.0
365,4261339,0,1985-11-01,0.2,1.0,19.0
366,5860973,0,2015-03-02,0.0,0.0,76.0
367,5860973,0,2015-03-02,0.7568848141522561,1.0,502.0
368,5879958,0,2015-03-10,0.6787878787878788,1.0,3.0
369,6427078,0,2015-03-17,0.0,0.0,1.0
370,6427078,0,2015-03-17,0.6787878787878788,1.0,75.0
371,6992218,0,2015-03-23,0.0,0.0,2.0
372,6992218,0,2015-03-23,0.7685936748436749,1.0,7.0
373,4195732,0,1986-01-06,0.0,0.0,7.0
374,4195732,0,1986-01-06,0.45625,1.0,15.0
375,5337753,0,2015-04-27,0.6226572945417015,1.0,12.0
376,6239113,0,2015-04-09,0.0,0.0,3.0
377,6239113,0,2015-04-09,0.6668197080156565,1.0,54.0
378,3870141,0,1986-03-03,0.0,0.0,12.0
379,3870141,0,1986-03-03,0.2300556586270872,1.0,12.0
380,7864163,0,2015-05-18,0.0,0.0,6.0
381,7864163,0,2015-05-18,0.6915801614763553,1.0,60.0
382,3245789,0,1986-04-25,0.43652840711049146,1.0,7.0
383,3902501,0,1986-04-30,0.0,0.0,11.0
384,3902501,0,1986-04-30,0.19342359767891684,1.0,28.0
385,4976008,0,1996-03-04,0.0,0.0,2.0
386,4976008,0,1996-03-04,0.4865591397849463,1.0,3.0
387,3655201,0,1986-05-16,0.0,0.0,3.0
388,3655201,0,1986-05-16,0.28906577293674063,1.0,8.0
389,4207060,0,1986-06-12,0.2845316934720908,1.0,6.0
390,3561934,0,1986-06-11,0.0,0.0,4.0
391,3561934,0,1986-06-11,0.2959318826868496,1.0,6.0
392,7851504,0,2015-08-04,0.0,0.0,1.0
393,7851504,0,2015-08-04,0.7293743078626801,1.0,13.0
394,8182501,0,2015-08-07,0.0,0.0,4.0
395,8182501,0,2015-08-07,0.6979563072586328,1.0,1.0
396,3902501,0,1986-08-15,0.0,0.0,12.0
397,3902501,0,1986-08-15,0.3861754966887417,1.0,28.0
398,4376110,0,1986-09-19,0.0,0.0,66.0
399,4376110,0,1986-09-19,0.4859022556390978,1.0,55.0
400,7765482,0,2015-09-21,0.0,0.0,2.0
401,7765482,0,2015-09-21,0.7954248366013073,1.0,9.0
402,7105486,0,2015-09-24,0.0,0.0,6.0
403,7105486,0,2015-09-24,0.6364352172907999,1.0,47.0
404,3365800,0,1986-10-22,0.0,0.0,2.0
405,3365800,0,1986-10-22,0.38418762088974856,1.0,4.0
406,1693633,0,1986-12-05,0.0,0.0,2.0
407,1693633,0,1986-12-05,0.15894039735099338,1.0,1.0
408,4302920,0,1986-12-16,0.0,0.0,13.0
409,4302920,0,1986-12-16,0.462386018237082,1.0,16.0
410,6201839,0,2015-08-04,0.6787878787878788,1.0,43.0
411,3767756,0,1986-12-22,0.0,0.0,26.0
412,3767756,0,1986-12-22,0.4096774193548387,1.0,28.0
413,3960006,0,1986-12-30,0.0,0.0,5.0
414,3960006,0,1986-12-30,0.3751624719366655,1.0,5.0
415,3537146,0,1987-01-23,0.0,0.0,1.0
416,3537146,0,1987-01-23,0.3387417218543046,1.0,10.0
417,6767956,0,2016-01-29,0.6750322997416021,1.0,22.0
418,6526808,0,2015-12-31,0.0,0.0,2.0
419,6526808,0,2015-12-31,0.7619873150105709,1.0,9.0
420,6007575,0,2016-02-05,0.675,1.0,209.0
421,6240376,0,2016-02-10,0.0,0.0,1.0
422,6240376,0,2016-02-10,0.6773908210994304,1.0,50.0
423,5495291,0,2016-03-01,0.6037156897998321,1.0,39.0
424,8313353,0,2016-02-22,0.0,0.0,5.0
425,8313353,0,2016-02-22,0.675,1.0,53.0
426,8323060,0,2016-02-22,0.0,0.0,6.0
427,8323060,0,2016-02-22,0.675,1.0,57.0
428,3642894,0,1987-04-08,0.0,0.0,1.0
429,3642894,0,1987-04-08,0.3793367346938776,1.0,8.0
430,6948021,0,2016-03-15,0.6574,1.0,19.0
431,3486495,0,1987-04-23,0.0,0.0,10.0
432,3486495,0,1987-04-23,0.592948717948718,1.0,35.0
433,3788034,0,1987-05-12,0.0,0.0,4.0
434,3788034,0,1987-05-12,0.5074224021592443,1.0,14.0
435,7566537,0,2016-05-09,0.0,0.0,5.0
436,7566537,0,2016-05-09,0.7405347593582888,1.0,27.0
437,6151604,0,2016-05-12,0.0,0.0,1.0
438,6151604,0,2016-05-12,0.6574,1.0,55.0
439,3927580,0,1987-08-25,0.0,0.0,5.0
440,3927580,0,1987-08-25,0.40675110750608345,1.0,10.0
441,5987606,0,2016-06-27,0.0,0.0,2.0
442,5987606,0,2016-06-27,0.5100636281002467,1.0,185.0
443,7314044,0,2016-07-19,0.5793137254901961,1.0,11.0
444,7917843,0,2016-08-10,0.6392244397759104,1.0,3.0
445,4278080,0,1987-11-13,0.0,0.0,4.0
446,4278080,0,1987-11-13,0.405448717948718,1.0,4.0
447,3241876,0,1988-01-13,0.0,0.0,1.0
448,3241876,0,1988-01-13,0.4646329434972524,1.0,5.0
449,6022329,0,2016-09-12,0.6808102843786521,1.0,13.0
450,5718012,0,2016-09-16,0.7361111111111109,1.0,57.0
451,5759830,0,2016-10-13,0.6065359477124184,1.0,150.0
452,3849194,0,1988-02-17,0.0,0.0,2.0
453,3849194,0,1988-02-17,0.4395863036639736,1.0,16.0
454,5609616,0,2016-11-17,0.5533421633554084,1.0,41.0
455,8245764,0,2016-12-06,0.6326353720296065,1.0,20.0
456,6249876,0,2016-12-12,0.7022663610898905,1.0,72.0
457,7328845,0,2017-01-05,0.6614227086183311,1.0,9.0
458,7772209,0,2017-01-12,0.0,,
459,8399445,0,2017-01-26,0.0,,
460,4410892,0,1988-05-25,0.4321616573272203,1.0,3.0
461,8186457,0,2017-02-16,0.6537962962962962,1.0,6.0
462,4505449,0,1988-06-27,0.0,0.0,4.0
463,4505449,0,1988-06-27,0.21135691137100185,1.0,3.0
464,6474159,0,2017-03-08,0.0,0.0,3.0
465,6474159,0,2017-03-08,0.6771043771043772,1.0,134.0
466,4128357,0,1988-06-21,0.0,0.0,11.0
467,4128357,0,1988-06-21,0.4321616573272203,1.0,4.0
468,6132109,0,2017-03-16,0.0,0.0,1.0
469,6132109,0,2017-03-16,0.6048352713178294,1.0,46.0
470,8240362,0,2017-04-03,0.6364627970393455,1.0,17.0
471,8023580,0,2017-04-17,0.6123456790123456,1.0,4.0
472,7432589,0,2017-04-28,0.7205555555555556,1.0,32.0
473,4337805,0,1988-09-21,0.0,0.0,14.0
474,4337805,0,1988-09-21,0.42924253948369206,1.0,10.0
475,4365970,0,1988-10-12,0.0,0.0,18.0
476,4365970,0,1988-10-12,0.30266622778143515,1.0,12.0
477,6713446,0,2017-07-17,0.5355501681158543,1.0,53.0
478,4376851,0,1989-01-10,0.0,0.0,2.0
479,4376851,0,1989-01-10,0.4550403225806452,1.0,2.0
480,3907332,0,1989-02-16,0.0,0.0,5.0
481,3907332,0,1989-02-16,0.4177572166418454,1.0,7.0
482,3884550,0,1989-02-22,0.0,0.0,3.0
483,3884550,0,1989-02-22,0.3402806870548806,1.0,30.0
484,5843120,0,2004-01-14,0.0,0.0,77.0
485,5843120,0,2004-01-14,0.7093542980285736,1.0,109.0
486,7810144,0,2017-09-13,0.6077636271013755,1.0,10.0
487,4081701,0,1989-03-28,0.0,0.0,4.0
488,4081701,0,1989-03-28,0.4395863036639736,1.0,24.0
489,3736968,0,1989-03-31,0.0,0.0,5.0
490,3736968,0,1989-03-31,0.5383341823739174,1.0,26.0
491,6020435,0,2017-10-11,0.6364627970393455,1.0,22.0
492,6816356,0,2017-11-21,0.674826923076923,1.0,38.0
493,8318800,0,2017-11-09,0.7839572192513369,1.0,1.0
494,6568969,0,2017-12-07,0.6472222222222223,1.0,2.0
495,8144182,0,2017-12-28,0.2704194260485651,1.0,11.0
496,8434020,0,2018-01-25,0.6685924369747899,1.0,1.0
497,8061359,0,2018-03-14,0.6129284010078712,1.0,23.0
498,8586610,0,2018-04-13,0.775516415868673,1.0,1.0
499,4029401,0,1989-12-13,0.0,0.0,3.0
500,4029401,0,1989-12-13,0.5130699088145897,1.0,6.0
501,4748005,0,1990-05-04,0.0,,
502,4155666,0,1990-05-09,0.0,0.0,5.0
503,4155666,0,1990-05-09,0.6666666666666666,1.0,5.0
504,4447377,0,1990-06-05,0.0,0.0,12.0
505,4447377,0,1990-06-05,0.6396749982785925,1.0,29.0
506,4384298,0,1990-07-30,0.33535359508041623,1.0,5.0
507,4529034,0,1990-10-22,0.0,0.0,9.0
508,4529034,0,1990-10-22,0.5487500000000001,1.0,9.0
509,3847333,0,1990-10-23,0.5960126230549381,1.0,5.0
510,3541581,0,1990-11-20,0.0,0.0,10.0
511,3541581,0,1990-11-20,0.4272087998983323,1.0,22.0
512,4387297,0,1991-06-14,0.0,0.0,141.0
513,4387297,0,1991-06-14,0.4408230158755464,1.0,69.0
514,4270275,0,1991-09-20,0.0,0.0,6.0
515,4270275,0,1991-09-20,0.43630865102639294,1.0,15.0
516,4664020,0,1991-09-26,0.0,0.0,10.0
517,4664020,0,1991-09-26,0.3845626855446448,1.0,7.0
518,4223394,0,1991-09-17,0.0,0.0,13.0
519,4223394,0,1991-09-17,0.4953780210700268,1.0,37.0
520,4422459,0,1992-03-12,0.0,0.0,22.0
521,4422459,0,1992-03-12,0.523000233673399,1.0,11.0
522,3959322,0,1992-03-19,0.4421622983870968,1.0,3.0
523,4159546,0,1992-09-11,0.0,0.0,4.0
524,4159546,0,1992-09-11,0.20210093628682346,1.0,83.0
525,4831282,0,1992-10-09,0.0,0.0,9.0
526,4831282,0,1992-10-09,0.50002676124686,1.0,1.0
527,4043027,0,1993-03-10,0.0,0.0,9.0
528,4043027,0,1993-03-10,0.2378430428502648,1.0,13.0
529,4656605,0,1993-05-10,0.0,0.0,29.0
530,4656605,0,1993-05-10,0.6187087816730302,1.0,15.0
531,6772215,1,2018-04-20,0.7868512043512044,1.0,26.0
532,5998925,1,2018-01-04,0.691936507936508,1.0,839.0
533,5084057,1,1997-01-03,0.0,0.0,13.0
534,5084057,1,1997-01-03,0.5286975717439293,1.0,101.0
535,4364073,1,1997-06-10,0.0,0.0,5.0
536,4364073,1,1997-06-10,0.5602815530249656,1.0,78.0
537,4552899,1,1997-09-26,0.0,0.0,9.0
538,4552899,1,1997-09-26,0.6186951754385965,1.0,17.0
539,6263215,1,2005-02-03,0.0,0.0,7.0
540,6263215,1,2005-02-03,0.7001238830514886,1.0,22.0
541,4491377,1,1997-09-08,0.0,0.0,2.0
542,4491377,1,1997-09-08,0.6282728096837839,1.0,22.0
543,5255636,1,1997-09-16,0.6110198385700149,1.0,2.0
544,5166904,1,1997-10-14,0.0,0.0,6.0
545,5166904,1,1997-10-14,0.7260154518527724,1.0,1.0
546,5158554,1,1998-06-30,0.0,0.0,19.0
547,5158554,1,1998-06-30,0.6333849329205367,1.0,31.0
548,5386590,1,1998-07-20,0.0,0.0,2.0
549,5386590,1,1998-07-20,0.6408093319598104,1.0,9.0
550,4850960,1,2005-12-23,0.0,0.0,35.0
551,4850960,1,2005-12-23,0.6447968391902215,1.0,107.0
552,4693399,1,1998-12-07,0.0,0.0,14.0
553,4693399,1,1998-12-07,0.5754702669902912,1.0,31.0
554,5260576,1,1999-02-04,0.0,0.0,8.0
555,5260576,1,1999-02-04,0.6075248281130634,1.0,9.0
556,5582053,1,2001-08-10,0.0,0.0,7.0
557,5582053,1,2001-08-10,0.6626591976688688,1.0,8.0
558,5306285,1,1999-07-09,0.0,0.0,16.0
559,5306285,1,1999-07-09,0.6654579002173953,1.0,6.0
560,4866349,1,2006-06-15,0.0,0.0,18.0
561,4866349,1,2006-06-15,0.6955369357045144,1.0,98.0
562,6311682,1,2006-06-27,0.0,0.0,29.0
563,6311682,1,2006-06-27,0.6895680381169279,1.0,24.0
564,5190931,1,1999-09-24,0.0,0.0,52.0
565,5190931,1,1999-09-24,0.6280341445580123,1.0,40.0
566,4336612,1,1999-08-30,0.0,0.0,12.0
567,4336612,1,1999-08-30,0.39194657183260295,1.0,33.0
568,4111727,1,1999-09-07,0.0,0.0,1.0
569,4111727,1,1999-09-07,0.5754702669902912,1.0,52.0
570,5148943,1,1999-09-07,0.0,0.0,11.0
571,5148943,1,1999-09-07,0.627649801179213,1.0,11.0
572,6251207,1,2006-07-21,0.0,0.0,4.0
573,6251207,1,2006-07-21,0.7071530570612579,1.0,16.0
574,5059192,1,1999-09-30,0.0,0.0,52.0
575,5059192,1,1999-09-30,0.5754702669902912,1.0,37.0
576,5371989,1,1999-11-01,0.0,0.0,28.0
577,5371989,1,1999-11-01,0.4435828877005348,1.0,8.0
578,6030790,1,2006-09-20,0.0,0.0,9.0
579,6030790,1,2006-09-20,0.6078363384188628,1.0,18.0
580,5884403,1,2006-07-13,0.0,0.0,11.0
581,5884403,1,2006-07-13,0.6954027517087509,1.0,5.0
582,5582331,1,2000-01-10,0.5417269159264615,1.0,2.0
583,5566947,1,2000-04-13,0.0,0.0,24.0
584,5241806,1,2000-05-17,0.0,0.0,11.0
585,5241806,1,2000-05-17,0.6422637898937156,1.0,20.0
586,4565341,1,2000-06-13,0.7176310805422647,1.0,15.0
587,5401629,1,2000-09-06,0.0,0.0,35.0
588,5401629,1,2000-09-06,0.6329552755568246,1.0,53.0
589,4818411,1,2000-09-07,0.0,0.0,1.0
590,4818411,1,2000-09-07,0.5651819029850746,1.0,4.0
591,6403865,1,2007-05-03,0.0,0.0,15.0
592,6403865,1,2007-05-03,0.6911050996664412,1.0,10.0
593,5311951,1,2001-01-05,0.0,0.0,3.0
594,5311951,1,2001-01-05,0.6059229651162791,1.0,2.0
595,6567796,1,2007-06-25,0.0,0.0,38.0
596,6567796,1,2007-06-25,0.6892458041034122,1.0,101.0
597,5579845,1,2007-06-29,0.0,0.0,1.0
598,5579845,1,2007-06-29,0.7231489289930848,1.0,4.0
599,5297803,1,2001-03-22,0.0,0.0,10.0
600,5297803,1,2001-03-22,0.5615342163355408,1.0,5.0
601,5567600,1,2001-03-12,0.0,0.0,9.0
602,5567600,1,2001-03-12,0.7033824384570654,1.0,16.0
603,5641803,1,2001-04-20,0.0,0.0,22.0
604,5641803,1,2001-04-20,0.7229953698831948,1.0,13.0
605,5577100,1,2001-04-25,0.0,0.0,54.0
606,5577100,1,2001-04-25,0.5744863246392042,1.0,60.0
607,5473624,1,2001-04-18,0.0,0.0,21.0
608,5473624,1,2001-04-18,0.5877637987012987,1.0,6.0
609,5463227,1,2001-05-07,0.0,0.0,16.0
610,5463227,1,2001-05-07,0.6759513742071881,1.0,17.0
611,4626549,1,2001-05-30,0.0,0.0,25.0
612,4626549,1,2001-05-30,0.5518970844499114,1.0,49.0
613,5509057,1,2001-09-06,0.0,0.0,4.0
614,5509057,1,2001-09-06,0.6884490509490511,1.0,5.0
615,5852824,1,2001-09-18,0.0,0.0,1.0
616,5852824,1,2001-09-18,0.5087227016719911,1.0,7.0
617,4640933,1,2001-09-28,0.0,0.0,3.0
618,4640933,1,2001-09-28,0.7449191433566433,1.0,34.0
619,5306285,1,2001-10-09,0.0,0.0,23.0
620,5306285,1,2001-10-09,0.6576713953452552,1.0,8.0
621,4826785,1,2001-09-21,0.0,0.0,14.0
622,4826785,1,2001-09-21,0.6784075573549257,1.0,18.0
623,5443717,1,2001-10-23,0.0,0.0,2.0
624,5443717,1,2001-10-23,0.7129370629370629,1.0,2.0
625,5404263,1,2001-10-26,0.0,0.0,7.0
626,5404263,1,2001-10-26,0.5629262634168157,1.0,6.0
627,5213889,1,2001-12-21,0.0,0.0,8.0
628,5213889,1,2001-12-21,0.5544551475015052,1.0,15.0
629,6068609,1,2008-08-28,0.0,0.0,13.0
630,6068609,1,2008-08-28,0.5877637987012987,1.0,14.0
631,5544320,1,2002-07-09,0.0,0.0,93.0
632,5544320,1,2002-07-09,0.6145438179129429,1.0,140.0
633,4572191,1,2002-07-11,0.0,0.0,25.0
634,4572191,1,2002-07-11,0.6394810261463368,1.0,31.0
635,5899283,1,2002-07-30,0.0,0.0,11.0
636,5899283,1,2002-07-30,0.6769534167289022,1.0,13.0
637,5108220,1,2002-08-01,0.0,0.0,6.0
638,5108220,1,2002-08-01,0.7502780523974295,1.0,16.0
639,5462535,1,2002-09-19,0.0,0.0,11.0
640,5462535,1,2002-09-19,0.6078008084630602,1.0,14.0
641,5622912,1,2002-09-04,0.0,0.0,3.0
642,5622912,1,2002-09-04,0.6719148146953522,1.0,5.0
643,5458004,1,2009-01-09,0.0,0.0,2.0
644,5458004,1,2009-01-09,0.7375343107644748,1.0,8.0
645,4740046,1,1994-08-03,0.0,0.0,2.0
646,4740046,1,1994-08-03,0.5349595579858738,1.0,5.0
647,4652321,1,2003-02-28,0.0,0.0,7.0
648,4652321,1,2003-02-28,0.6773686123011016,1.0,15.0
649,4988621,1,2003-06-06,0.0,0.0,2.0
650,4988621,1,2003-06-06,0.5740407089988313,1.0,19.0
651,4701069,1,2009-05-20,0.0,0.0,4.0
652,4701069,1,2009-05-20,0.28640776699029125,1.0,24.0
653,5892690,1,2009-06-01,0.0,0.0,77.0
654,5892690,1,2009-06-01,0.6642122868564903,1.0,62.0
655,5523423,1,2003-07-23,0.5316502799597649,1.0,1.0
656,6014643,1,2003-07-29,0.0,0.0,139.0
657,6014643,1,2003-07-29,0.6926177447723276,1.0,151.0
658,5248505,1,2003-08-01,0.0,0.0,2.0
659,5248505,1,2003-08-01,0.6110198385700149,1.0,11.0
660,4659716,1,2003-08-01,0.0,0.0,8.0
661,4659716,1,2003-08-01,0.6836523125996811,1.0,38.0
662,4837635,1,2003-08-07,0.0,0.0,10.0
663,4837635,1,2003-08-07,0.6860091364945734,1.0,58.0
664,5630976,1,2003-08-26,0.0,0.0,7.0
665,5630976,1,2003-08-26,0.6926177447723276,1.0,13.0
666,6108703,1,2003-09-15,0.0,0.0,206.0
667,6108703,1,2003-09-15,0.6133738875071171,1.0,236.0
668,4525352,1,2003-11-21,0.0,0.0,12.0
669,4525352,1,2003-11-21,0.6454986760812003,1.0,9.0
670,5056578,1,2003-12-05,0.6862362396163977,1.0,3.0
671,5241671,1,2009-12-04,0.0,0.0,124.0
672,5241671,1,2009-12-04,0.6568419183415763,1.0,495.0
673,5139368,1,2004-01-29,0.0,0.0,4.0
674,5139368,1,2004-01-29,0.484426738410596,1.0,18.0
675,5336264,1,2004-04-06,0.0,0.0,61.0
676,5336264,1,2004-04-06,0.447283400925785,1.0,48.0
677,6397547,1,2010-02-25,0.0,0.0,47.0
678,6397547,1,2010-02-25,0.448479427549195,1.0,89.0
679,4900291,1,2010-02-26,0.0,0.0,3.0
680,4900291,1,2010-02-26,0.6805194805194805,1.0,39.0
681,5686838,1,2010-03-09,0.0,0.0,10.0
682,5686838,1,2010-03-09,0.6921749613487448,1.0,32.0
683,5952027,1,2004-07-12,0.0,0.0,3.0
684,5952027,1,2004-07-12,0.6756793626541525,1.0,7.0
685,6254887,1,2010-06-03,0.0,0.0,59.0
686,6254887,1,2010-06-03,0.7342001022233582,1.0,45.0
687,4857713,1,2010-05-07,0.0,0.0,73.0
688,4857713,1,2010-05-07,0.6204556884339014,1.0,273.0
689,6436015,1,2004-12-14,0.0,0.0,3.0
690,6436015,1,2004-12-14,0.5550124104442831,1.0,7.0
691,5994329,1,2005-01-28,0.0,0.0,9.0
692,5994329,1,2005-01-28,0.6875,1.0,14.0
693,6244781,1,2005-03-11,0.0,0.0,4.0
694,6244781,1,2005-03-11,0.7375343107644748,1.0,3.0
695,6396273,1,2005-03-16,0.0,0.0,21.0
696,6396273,1,2005-03-16,0.5642191142191142,1.0,11.0
697,6085176,1,2005-03-16,0.0,0.0,94.0
698,6085176,1,2005-03-16,0.3966078697421981,1.0,131.0
699,4721723,1,2005-04-08,0.0,0.0,2.0
700,4721723,1,2005-04-08,0.6679144385026738,1.0,41.0
701,5697536,1,2005-05-10,0.0,0.0,135.0
702,5697536,1,2005-05-10,0.7081102855148915,1.0,231.0
703,5518492,1,2005-05-16,0.0,0.0,1.0
704,5518492,1,2005-05-16,0.7369849041207671,1.0,3.0
705,5045172,1,2005-06-09,0.0,0.0,14.0
706,5045172,1,2005-06-09,0.6075248281130634,1.0,39.0
707,5410856,1,2005-06-22,0.0,0.0,1.0
708,5410856,1,2005-06-22,0.729943637373978,1.0,37.0
709,6405182,1,2005-06-16,0.0,0.0,96.0
710,6405182,1,2005-06-16,0.7104552061310782,1.0,67.0
711,5932624,1,2005-06-17,0.0,0.0,6.0
712,5932624,1,2005-06-17,0.5877637987012987,1.0,7.0
713,5761605,1,2005-06-28,0.0,0.0,92.0
714,5761605,1,2005-06-28,0.7528108255380982,1.0,57.0
715,6530929,1,2011-01-26,0.0,0.0,195.0
716,6530929,1,2011-01-26,0.7896110558388261,1.0,334.0
717,5169242,1,2005-07-28,0.0,0.0,2.0
718,5169242,1,2005-07-28,0.6817238408521304,1.0,3.0
719,6014137,1,2005-08-05,0.0,0.0,78.0
720,6014137,1,2005-08-05,0.7580203926889616,1.0,88.0
721,4900659,1,2005-09-30,0.7571330857924565,1.0,23.0
722,5633352,1,2005-10-05,0.0,0.0,7.0
723,5633352,1,2005-10-05,0.6626591976688688,1.0,10.0
724,7363592,1,2011-05-04,0.7390440954394443,1.0,1.0
725,6149055,1,2005-11-21,0.0,0.0,78.0
726,6149055,1,2005-11-21,0.5748207016863733,1.0,82.0
727,5409693,1,2005-12-20,0.0,0.0,3.0
728,5409693,1,2005-12-20,0.6805194805194805,1.0,12.0
729,5717597,1,2011-06-15,0.0,0.0,5.0
730,5717597,1,2011-06-15,0.8218634306869601,1.0,81.0
731,6105575,1,2011-07-08,0.0,0.0,48.0
732,6105575,1,2011-07-08,0.7427456039106524,1.0,148.0
733,5622375,1,2011-08-05,0.0,0.0,5.0
734,5622375,1,2011-08-05,0.7001050420168068,1.0,11.0
735,6113944,1,2006-02-24,0.0,0.0,2.0
736,6113944,1,2006-02-24,0.6023327665711771,1.0,4.0
737,5567085,1,2006-04-20,0.0,0.0,2.0
738,5567085,1,2006-04-20,0.6800703384551494,1.0,3.0
739,4381056,1,1995-01-24,0.0,0.0,3.0
740,4381056,1,1995-01-24,0.6408093319598104,1.0,29.0
741,6796098,1,2011-10-17,0.0,0.0,2.0
742,6796098,1,2011-10-17,0.7096823574435515,1.0,9.0
743,6784873,1,2011-12-15,0.0,0.0,24.0
744,6784873,1,2011-12-15,0.5839285714285715,1.0,24.0
745,6398548,1,2006-08-30,0.0,0.0,44.0
746,6398548,1,2006-08-30,0.7066110360228007,1.0,31.0
747,6124355,1,2006-09-06,0.0,0.0,6.0
748,6124355,1,2006-09-06,0.7104561534886124,1.0,6.0
749,5586992,1,2006-10-03,0.5877637987012987,1.0,6.0
750,4870287,1,2006-11-16,0.0,0.0,85.0
751,4870287,1,2006-11-16,0.6851754628350373,1.0,68.0
752,5112311,1,2006-12-13,0.0,0.0,5.0
753,5112311,1,2006-12-13,0.6201298701298701,1.0,53.0
754,5670264,1,2006-12-14,0.0,0.0,4.0
755,5670264,1,2006-12-14,0.6699582405711952,1.0,10.0
756,5990176,1,2006-11-09,0.0,0.0,3.0
757,5990176,1,2006-11-09,0.6726874502218683,1.0,6.0
758,5482289,1,2006-12-13,0.0,0.0,39.0
759,5482289,1,2006-12-13,0.4817720054008873,1.0,49.0
760,6014137,1,2006-12-18,0.0,0.0,74.0
761,6014137,1,2006-12-18,0.5002651619055084,1.0,105.0
762,5126156,1,2007-02-09,0.0,0.0,47.0
763,5126156,1,2007-02-09,0.595231296402056,1.0,23.0
764,6270828,1,2007-02-14,0.0,0.0,23.0
765,6270828,1,2007-02-14,0.4868697478991597,1.0,3.0
766,4879303,1,2007-03-22,0.0,0.0,13.0
767,4879303,1,2007-03-22,0.6452734916782247,1.0,46.0
768,6722674,1,2012-05-22,0.0,0.0,2.0
769,6722674,1,2012-05-22,0.6818179785330949,1.0,5.0
770,5813861,1,2007-05-09,0.0,0.0,11.0
771,5813861,1,2007-05-09,0.703069802177953,1.0,27.0
772,6602502,1,2007-06-18,0.0,0.0,7.0
773,6602502,1,2007-06-18,0.5641426783479349,1.0,6.0
774,6573103,1,2012-11-20,0.0,0.0,4.0
775,6573103,1,2012-11-20,0.744130379424497,1.0,7.0
776,5689094,1,2012-11-27,0.0,0.0,32.0
777,5689094,1,2012-11-27,0.7517006802721089,1.0,78.0
778,5447432,1,2007-08-24,0.0,0.0,56.0
779,5447432,1,2007-08-24,0.7099231821530043,1.0,121.0
780,5061722,1,2007-09-11,0.0,0.0,2.0
781,5061722,1,2007-09-11,0.3682385575589459,1.0,9.0
782,6032859,1,2012-12-10,0.0,0.0,75.0
783,6032859,1,2012-12-10,0.4224806201550387,1.0,203.0
784,5401741,1,2007-09-12,0.0,0.0,2.0
785,5401741,1,2007-09-12,0.6478825695581015,1.0,8.0
786,6433264,1,2013-01-24,0.0,0.0,2.0
787,6433264,1,2013-01-24,0.5485439825090671,1.0,7.0
788,6620319,1,2007-11-07,0.0,0.0,29.0
789,6620319,1,2007-11-07,0.5908863391344525,1.0,45.0
790,6708212,1,2008-01-08,0.0,0.0,31.0
791,6708212,1,2008-01-08,0.5551577669902912,1.0,105.0
792,6789673,1,2012-08-09,0.0,0.0,23.0
793,6789673,1,2012-08-09,0.7643742791234142,1.0,48.0
794,6887832,1,2008-01-25,0.0,0.0,15.0
795,6887832,1,2008-01-25,0.4151988636363636,1.0,28.0
796,6834603,1,2008-02-21,0.0,0.0,3.0
797,6834603,1,2008-02-21,0.7611463778939507,1.0,6.0
798,5760068,1,2008-03-07,0.0,0.0,16.0
799,5760068,1,2008-03-07,0.4091346153846154,1.0,37.0
800,5949636,1,2008-03-28,0.0,0.0,23.0
801,5949636,1,2008-03-28,0.3770454545454545,1.0,19.0
802,5495301,1,2008-04-16,0.0,0.0,1.0
803,5495301,1,2008-04-16,0.5637724742529917,1.0,5.0
804,5389618,1,2008-05-14,0.0,0.0,8.0
805,5389618,1,2008-05-14,0.645375887423935,1.0,21.0
806,7454361,1,2013-04-26,0.0,0.0,5.0
807,7454361,1,2013-04-26,0.6838712757830405,1.0,31.0
808,5577618,1,2013-05-14,0.0,0.0,5.0
809,5577618,1,2013-05-14,0.7185461787403535,1.0,18.0
810,6478711,1,2013-04-29,0.668204510721067,1.0,2.0
811,5648674,1,2013-06-19,0.0,0.0,2.0
812,5648674,1,2013-06-19,0.6256297991243317,1.0,54.0
813,6161099,1,2008-07-14,0.0,0.0,89.0
814,6161099,1,2008-07-14,0.7530314757481942,1.0,195.0
815,6755518,1,2008-08-21,0.0,0.0,3.0
816,6755518,1,2008-08-21,0.7418918534531801,1.0,8.0
817,4498076,1,1995-05-17,0.0,0.0,15.0
818,4498076,1,1995-05-17,0.5981503910432991,1.0,22.0
819,4767708,1,2008-09-08,0.7896110558388261,1.0,18.0
820,6598603,1,2013-10-30,0.0,0.0,1.0
821,6598603,1,2013-10-30,0.6805194805194805,1.0,14.0
822,6847686,1,2008-09-24,0.0,0.0,97.0
823,6847686,1,2008-09-24,0.6618320405085112,1.0,18.0
824,5097421,1,2008-10-10,0.0,0.0,7.0
825,5097421,1,2008-10-10,0.5972428130644191,1.0,35.0
826,5754250,1,2008-10-10,0.0,0.0,2.0
827,5754250,1,2008-10-10,0.5718012671655055,1.0,33.0
828,5822737,1,2008-10-20,0.0,0.0,113.0
829,5822737,1,2008-10-20,0.6096748400852879,1.0,134.0
830,6213703,1,2013-10-22,0.5492103922567501,1.0,23.0
831,5656667,1,2013-09-12,0.0,0.0,38.0
832,5656667,1,2013-09-12,0.7391941391941393,1.0,85.0
833,6631109,1,2008-12-23,0.7335972850678734,1.0,19.0
834,5026109,1,2008-12-24,0.0,0.0,12.0
835,5026109,1,2008-12-24,0.7423501131221719,1.0,16.0
836,6120536,1,2009-01-15,0.0,0.0,157.0
837,6120536,1,2009-01-15,0.6955369357045144,1.0,512.0
838,6457969,1,2009-02-09,0.0,0.0,3.0
839,6457969,1,2009-02-09,0.6624126047503347,1.0,1.0
840,6081786,1,2014-01-24,0.0,0.0,5.0
841,6081786,1,2014-01-24,0.7052752931822699,1.0,141.0
842,6855029,1,2009-02-13,0.0,0.0,11.0
843,6855029,1,2009-02-13,0.5642191142191142,1.0,8.0
844,7145902,1,2014-02-21,0.7212637362637363,1.0,21.0
845,6396722,1,2009-03-05,0.0,0.0,19.0
846,6396722,1,2009-03-05,0.6333849329205367,1.0,102.0
847,8019060,1,2014-02-26,0.0,0.0,2.0
848,5632307,1,2009-03-25,0.0,0.0,8.0
849,5632307,1,2009-03-25,0.5082517482517482,1.0,18.0
850,7181866,1,2014-04-23,0.0,0.0,1.0
851,7181866,1,2014-04-23,0.7659468438538206,1.0,13.0
852,7536871,1,2014-06-30,0.7180609010351797,1.0,1.0
853,6010729,1,2009-06-09,0.0,0.0,23.0
854,6010729,1,2009-06-09,0.6626696832579186,1.0,38.0
855,6988138,1,2009-07-27,0.0,0.0,38.0
856,6988138,1,2009-07-27,0.3770454545454545,1.0,106.0
857,6047205,1,2009-08-04,0.0,0.0,4.0
858,6047205,1,2009-08-04,0.37165178571428575,1.0,19.0
859,6787531,1,2009-08-05,0.0,0.0,3.0
860,6787531,1,2009-08-05,0.4388699022531724,1.0,13.0
861,6398646,1,2014-08-26,0.0,0.0,17.0
862,6398646,1,2014-08-26,0.7225494949494949,1.0,28.0
863,6314420,1,2014-08-15,0.0,0.0,22.0
864,6314420,1,2014-08-15,0.6591770688858067,1.0,267.0
865,6521831,1,2014-08-29,0.0,0.0,7.0
866,6521831,1,2014-08-29,0.4868697478991597,1.0,24.0
867,5744027,1,2009-09-10,0.0,0.0,66.0
868,5744027,1,2009-09-10,0.6133738875071171,1.0,61.0
869,6100287,1,2009-11-19,0.0,0.0,5.0
870,6100287,1,2009-11-19,0.7269330316231257,1.0,3.0
871,6631400,1,2009-12-02,0.0,0.0,8.0
872,6631400,1,2009-12-02,0.7886797026502909,1.0,22.0
873,5820551,1,2010-01-25,0.0,0.0,176.0
874,5820551,1,2010-01-25,0.6357283741899127,1.0,356.0
875,5628890,1,2010-01-25,0.0,0.0,296.0
876,5628890,1,2010-01-25,0.6357283741899127,1.0,613.0
877,7192938,1,2014-11-18,0.685615848406546,1.0,5.0
878,5803501,1,2010-03-01,0.6074106982972727,1.0,8.0
879,5765305,1,2010-03-11,0.7931531703590529,1.0,3.0
880,5154448,1,2010-03-22,0.0,0.0,11.0
881,5154448,1,2010-03-22,0.6709155744917333,1.0,21.0
882,5476928,1,2010-03-26,0.0,0.0,35.0
883,5476928,1,2010-03-26,0.6817238408521303,1.0,87.0
884,7616970,1,2015-02-18,0.0,0.0,1.0
885,7616970,1,2015-02-18,0.7269330316231257,1.0,2.0
886,6104711,1,2010-04-16,0.0,0.0,49.0
887,6104711,1,2010-04-16,0.7311587256261729,1.0,141.0
888,7072190,1,2015-03-13,0.6008243571785088,1.0,19.0
889,7524834,1,2015-05-07,0.0,0.0,5.0
890,7524834,1,2015-05-07,0.7931531703590529,1.0,25.0
891,5367627,1,2010-05-17,0.0,0.0,18.0
892,5367627,1,2010-05-17,0.6998009730207873,1.0,51.0
893,6295530,1,2010-05-28,0.0,0.0,701.0
894,6295530,1,2010-05-28,0.2890625,1.0,83.0
895,7663061,1,2015-04-17,0.0,0.0,4.0
896,7663061,1,2015-04-17,0.6552540913006029,1.0,2.0
897,5464826,1,2010-07-28,0.0,0.0,32.0
898,5464826,1,2010-07-28,0.7833792072978925,1.0,48.0
899,5799273,1,2015-05-22,0.0,0.0,19.0
900,5799273,1,2015-05-22,0.4306516724336793,1.0,129.0
901,6672115,1,2010-07-22,0.0,0.0,10.0
902,6672115,1,2010-07-22,0.7342001022233581,1.0,9.0
903,6407128,1,2010-08-02,0.0,0.0,9.0
904,6407128,1,2010-08-02,0.7833792072978925,1.0,13.0
905,6789581,1,2015-06-11,0.0,0.0,3.0
906,6789581,1,2015-06-11,0.7391941391941393,1.0,40.0
907,6655566,1,2010-08-20,0.3867334167709637,1.0,6.0
908,7052340,1,2015-06-22,0.0,0.0,7.0
909,7052340,1,2015-06-22,0.6452025586353944,1.0,2.0
910,6458811,1,2010-09-01,0.0,0.0,1.0
911,6458811,1,2010-09-01,0.7001050420168067,1.0,7.0
912,6061551,1,2015-07-31,0.0,0.0,2.0
913,6061551,1,2015-07-31,0.6808585858585859,1.0,165.0
914,6000608,1,2015-06-16,0.0,0.0,1.0
915,6000608,1,2015-06-16,0.6452025586353944,1.0,423.0
916,6064970,1,2015-08-24,0.0,0.0,48.0
917,6064970,1,2015-08-24,0.7661297852474322,1.0,339.0
918,6488203,1,2010-12-07,0.0,0.0,35.0
919,6488203,1,2010-12-07,0.6955369357045144,1.0,127.0
920,6476351,1,2010-12-22,0.0,0.0,2.0
921,6476351,1,2010-12-22,0.5968459834738904,1.0,11.0
922,5697775,1,2011-01-31,0.0,0.0,1.0
923,5697775,1,2011-01-31,0.6306165380899711,1.0,46.0
924,6598603,1,2010-11-01,0.0,0.0,5.0
925,6598603,1,2010-11-01,0.32142857142857145,1.0,10.0
926,7394392,1,2015-12-28,0.0,0.0,1.0
927,7394392,1,2015-12-28,0.6215174129353234,1.0,4.0
928,7057026,1,2016-01-29,0.0,0.0,19.0
929,7057026,1,2016-01-29,0.7004874324641767,1.0,210.0
930,8486630,1,2016-01-29,0.0,0.0,5.0
931,7003500,1,2016-02-10,0.7154144884241971,1.0,30.0
932,6818020,1,2016-02-26,0.0,0.0,1.0
933,6818020,1,2016-02-26,0.6306165380899711,1.0,98.0
934,5251236,1,2011-04-18,0.0,0.0,4.0
935,5251236,1,2011-04-18,0.7271170006464125,1.0,23.0
936,5674681,1,2011-04-29,0.0,0.0,2.0
937,5674681,1,2011-04-29,0.6419117647058824,1.0,2.0
938,7094863,1,2011-04-29,0.0,0.0,8.0
939,7094863,1,2011-04-29,0.3168604651162791,1.0,10.0
940,5211954,1,2011-06-22,0.618888337996246,1.0,2.0
941,7645459,1,2016-03-18,0.0,0.0,6.0
942,7645459,1,2016-03-18,0.7418193202146691,1.0,12.0
943,7584605,1,2016-04-29,0.7717189786957229,1.0,2.0
944,6849360,1,2016-05-31,0.7478499278499279,1.0,66.0
945,6587759,1,2011-06-27,0.0,0.0,9.0
946,6587759,1,2011-06-27,0.7279100858102225,1.0,51.0
947,6482520,1,2016-06-17,0.0,0.0,1.0
948,6482520,1,2016-06-17,0.712864250177683,1.0,85.0
949,5709999,1,2011-07-29,0.0,0.0,7.0
950,5709999,1,2011-07-29,0.6914772727272729,1.0,13.0
951,6029154,1,2011-08-16,0.0,0.0,43.0
952,6029154,1,2011-08-16,0.8182897984368572,1.0,108.0
953,8744933,1,2016-07-13,0.0,,
954,6921351,1,2016-08-08,0.0,0.0,4.0
955,6921351,1,2016-08-08,0.4925529152058175,1.0,142.0
956,5800460,1,2016-07-28,0.0,0.0,1.0
957,5800460,1,2016-07-28,0.7418193202146691,1.0,58.0
958,6385594,1,2016-07-25,0.0,0.0,7.0
959,6385594,1,2016-07-25,0.5951807995925643,1.0,365.0
960,6773859,1,2016-08-19,0.7598346713226295,1.0,27.0
961,6771290,1,2016-08-12,0.0,0.0,1.0
962,6771290,1,2016-08-12,0.6000287108814241,1.0,355.0
963,6892812,1,2016-08-15,0.0,0.0,1.0
964,6892812,1,2016-08-15,0.7448338870431893,1.0,99.0
965,6757710,1,2011-09-23,0.0,0.0,44.0
966,6757710,1,2011-09-23,0.7342001022233581,1.0,211.0
967,5723283,1,2011-08-31,0.464114238410596,1.0,15.0
968,7217392,1,2016-12-02,0.7782843137254902,1.0,26.0
969,6728877,1,2016-11-16,0.7166122004357298,1.0,65.0
970,8504697,1,2016-12-09,0.6849147425960675,1.0,36.0
971,5507254,1,2016-12-12,0.5777008994761293,1.0,18.0
972,7729528,1,2016-12-22,0.5656119695854795,1.0,14.0
973,5017903,1,2012-01-27,0.0,0.0,77.0
974,5017903,1,2012-01-27,0.6122142273348763,1.0,130.0
975,6120690,1,2012-02-17,0.0,0.0,1.0
976,6120690,1,2012-02-17,0.6886244270435447,1.0,13.0
977,4804052,1,2012-02-08,0.0,0.0,5.0
978,4804052,1,2012-02-08,0.7031060606060606,1.0,45.0
979,6292788,1,2012-02-27,0.0,0.0,5.0
980,6292788,1,2012-02-27,0.6886244270435447,1.0,40.0
981,6324538,1,2012-03-02,0.0,0.0,19.0
982,6324538,1,2012-03-02,0.5638772234385875,1.0,107.0
983,5959633,1,2016-11-29,0.5916295918944925,1.0,5.0
984,6587841,1,2012-01-20,0.0,0.0,94.0
985,6587841,1,2012-01-20,0.7487179487179487,1.0,79.0
986,5875435,1,2012-04-09,0.0,0.0,13.0
987,5875435,1,2012-04-09,0.6176470588235294,1.0,129.0
988,5714512,1,2012-04-09,0.0,0.0,15.0
989,5714512,1,2012-04-09,0.7886797026502909,1.0,14.0
990,7139761,1,2012-05-08,0.0,0.0,2.0
991,7139761,1,2012-05-08,0.6850705980066445,1.0,14.0
992,7433483,1,2017-02-17,0.0,0.0,1.0
993,7433483,1,2017-02-17,0.7012083903328773,1.0,13.0
994,7854980,1,2017-02-27,0.0,0.0,1.0
995,7854980,1,2017-02-27,0.6980740740740741,1.0,33.0
996,7334720,1,2017-03-01,0.6484219997100951,1.0,17.0
997,8316445,1,2017-03-07,0.0,0.0,1.0
998,8316445,1,2017-03-07,0.7111111111111111,1.0,5.0
999,7104347,1,2017-03-07,0.7190320572673513,1.0,92.0
1000,6627233,1,2012-06-22,0.0,0.0,1.0
1001,6627233,1,2012-06-22,0.28537025888019263,1.0,52.0
1002,8065156,1,2017-04-19,0.0,0.0,2.0
1003,8065156,1,2017-04-19,0.6402116402116402,1.0,138.0
1004,8214097,1,2017-04-21,0.6767903078582691,1.0,14.0
1005,7614653,1,2017-04-24,0.716750700280112,1.0,26.0
1006,7056712,1,2017-04-25,0.6386355575822059,1.0,7.0
1007,5926792,1,2012-07-26,0.0,0.0,11.0
1008,5926792,1,2012-07-26,0.7879311608364276,1.0,116.0
1009,5641805,1,2012-08-08,0.0,0.0,1.0
1010,5641805,1,2012-08-08,0.6746071222606689,1.0,14.0
1011,5709999,1,2012-08-16,0.0,0.0,10.0
1012,5709999,1,2012-08-16,0.6914772727272729,1.0,14.0
1013,7418439,1,2017-05-26,0.7194909940720475,1.0,40.0
1014,6981007,1,2012-08-07,0.0,0.0,7.0
1015,6981007,1,2012-08-07,0.7013373310489244,1.0,8.0
1016,6489346,1,2012-09-04,0.0,0.0,20.0
1017,6489346,1,2012-09-04,0.457864238410596,1.0,48.0
1018,8127345,1,2017-06-23,0.7375343107644748,1.0,24.0
1019,8605550,1,2017-06-13,0.7980392156862746,1.0,13.0
1020,6721178,1,2012-10-23,0.0,0.0,10.0
1021,6721178,1,2012-10-23,0.6340520174608708,1.0,23.0
1022,8305840,1,2017-06-13,0.7980392156862746,1.0,21.0
1023,5372392,1,2012-11-14,0.6556063122923589,1.0,11.0
1024,6537385,1,2017-07-06,0.6110737869652598,1.0,15.0
1025,7325377,1,2012-12-06,0.7336479367866551,1.0,7.0
1026,6023683,1,2012-11-21,0.0,0.0,24.0
1027,6023683,1,2012-11-21,0.7595000443616361,1.0,212.0
1028,5834905,1,2012-12-13,0.0,0.0,10.0
1029,5834905,1,2012-12-13,0.6887971562894164,1.0,54.0
1030,6121960,1,2017-07-10,0.6985972683647103,1.0,231.0
1031,6715639,1,2012-12-27,0.0,0.0,23.0
1032,6715639,1,2012-12-27,0.7491596638655462,1.0,67.0
1033,5715314,1,2013-01-22,0.0,0.0,147.0
1034,5715314,1,2013-01-22,0.6667478249577975,1.0,1227.0
1035,6523680,1,2013-01-23,0.0,0.0,7.0
1036,6523680,1,2013-01-23,0.6484219997100951,1.0,10.0
1037,6484784,1,2017-09-07,0.6231481481481481,1.0,73.0
1038,8366268,1,2017-09-12,0.7322201607915894,1.0,4.0
1039,8590838,1,2017-10-03,0.6402116402116402,1.0,10.0
1040,5681358,1,2003-07-25,0.6174971696045968,1.0,6.0
1041,7092957,1,2017-10-17,0.757469654528478,1.0,24.0
1042,6016016,1,2017-10-19,0.7782843137254902,1.0,11.0
1043,5490216,1,2017-10-23,0.7782843137254902,1.0,233.0
1044,4191166,1,1983-08-03,0.0,0.0,4.0
1045,4191166,1,1983-08-03,0.3348214285714285,1.0,18.0
1046,5451558,1,2017-10-23,0.7230620155038759,1.0,25.0
1047,6077281,1,2013-06-03,0.0,0.0,34.0
1048,6077281,1,2013-06-03,0.7109890109890111,1.0,256.0
1049,8435944,1,2017-11-22,0.6595867446393763,1.0,12.0
1050,6677358,1,2013-06-18,0.6921713463785921,1.0,1.0
1051,3391697,1,1983-11-23,0.4192708333333333,1.0,1.0
1052,7128744,1,2013-07-09,0.0,0.0,40.0
1053,7128744,1,2013-07-09,0.8006593406593407,1.0,95.0
1054,3524680,1,1983-12-07,0.23214285714285715,1.0,3.0
1055,5981589,1,2013-07-26,0.0,0.0,16.0
1056,5981589,1,2013-07-26,0.2625,1.0,48.0
1057,4262803,1,1984-01-04,0.0,0.0,1.0
1058,4262803,1,1984-01-04,0.4113012058682687,1.0,2.0
1059,7663607,1,2013-08-07,0.0,0.0,599.0
1060,7663607,1,2013-08-07,0.6729166666666666,1.0,1061.0
1061,7323463,1,2013-05-01,0.0,0.0,7.0
1062,7323463,1,2013-05-01,0.7595000443616361,1.0,4.0
1063,6141658,1,2013-08-09,0.0,0.0,3.0
1064,6141658,1,2013-08-09,0.7523554876496052,1.0,30.0
1065,7947928,1,2013-08-14,0.0,0.0,4.0
1066,7947928,1,2013-08-14,0.7282754010695186,1.0,6.0
1067,3843859,1,1984-02-14,0.0,0.0,4.0
1068,3843859,1,1984-02-14,0.4047619047619048,1.0,6.0
1069,5715314,1,2013-09-04,0.0,0.0,109.0
1070,5715314,1,2013-09-04,0.6667478249577975,1.0,1265.0
1071,7013284,1,2013-09-05,0.0,0.0,1.0
1072,7013284,1,2013-09-05,0.6541198877305533,1.0,89.0
1073,7008439,1,2013-09-11,0.0,0.0,8.0
1074,7008439,1,2013-09-11,0.7400186512793612,1.0,122.0
1075,4862618,1,1995-12-28,0.0,0.0,4.0
1076,4862618,1,1995-12-28,0.5800315911462307,1.0,2.0
1077,6313749,1,2013-10-22,0.0,0.0,55.0
1078,6313749,1,2013-10-22,0.7290726174190606,1.0,55.0
1079,3291004,1,1984-05-03,0.5014880952380952,1.0,1.0
1080,5830237,1,2013-11-15,0.0,0.0,21.0
1081,5830237,1,2013-11-15,0.7811655011655012,1.0,54.0
1082,7579377,1,2013-12-11,0.0,0.0,6.0
1083,7579377,1,2013-12-11,0.6979703049190777,1.0,6.0
1084,3254510,1,1984-07-05,0.20373514431239387,1.0,5.0
1085,4107292,1,1984-08-10,0.0,0.0,8.0
1086,4107292,1,1984-08-10,0.5833333333333334,1.0,7.0
1087,3451352,1,1984-08-16,0.0,0.0,4.0
1088,3451352,1,1984-08-16,0.5964912280701755,1.0,4.0
1089,6730817,1,2014-02-12,0.5492103922567501,1.0,6.0
1090,6328994,1,2014-02-20,0.0,0.0,20.0
1091,6328994,1,2014-02-20,0.7079406031418415,1.0,71.0
1092,4003440,1,1984-11-15,0.0,0.0,2.0
1093,4003440,1,1984-11-15,0.4417293233082705,1.0,7.0
1094,7410957,1,2014-04-11,0.6306165380899711,1.0,17.0
1095,5312550,1,2003-08-26,0.0,0.0,20.0
1096,5312550,1,2003-08-26,0.7375343107644748,1.0,36.0
1097,6081835,1,2014-05-27,0.0,0.0,2.0
1098,6081835,1,2014-05-27,0.6342320261437908,1.0,54.0
1099,6867423,1,2014-06-09,0.746615221987315,1.0,3.0
1100,5206244,1,2014-06-12,0.33177387914230017,1.0,24.0
1101,5181181,1,2014-06-13,0.0,0.0,55.0
1102,5181181,1,2014-06-13,0.6745,1.0,349.0
1103,3578036,1,1985-02-21,0.0,0.0,1.0
1104,3578036,1,1985-02-21,0.23578717201166186,1.0,3.0
1105,6594691,1,2014-06-20,0.0,0.0,19.0
1106,6594691,1,2014-06-20,0.6437229437229438,1.0,38.0
1107,7525955,1,2014-07-11,0.0,0.0,26.0
1108,7525955,1,2014-07-11,0.5686274509803921,1.0,55.0
1109,6128415,1,2014-07-11,0.0,0.0,1.0
1110,6128415,1,2014-07-11,0.6745,1.0,33.0
1111,5211954,1,2014-08-06,0.5713862131246237,1.0,2.0
1112,3553638,1,1985-06-14,0.0,0.0,4.0
1113,3553638,1,1985-06-14,0.2589285714285714,1.0,5.0
1114,7846442,1,2014-08-21,0.0,0.0,2.0
1115,7846442,1,2014-08-21,0.7155555555555555,1.0,11.0
1116,7644019,1,2014-09-03,0.0,0.0,14.0
1117,7644019,1,2014-09-03,0.3813333333333333,1.0,9.0
1118,7138061,1,2014-09-10,0.0,0.0,1.0
1119,7138061,1,2014-09-10,0.5730132450331127,1.0,11.0
1120,6034652,1,2014-09-10,0.0,0.0,11.0
1121,6034652,1,2014-09-10,0.2953086419753086,1.0,77.0
1122,3737358,1,1985-06-26,0.0,0.0,4.0
1123,3737358,1,1985-06-26,0.30803571428571425,1.0,9.0
1124,4165963,1,1985-08-02,0.0,0.0,3.0
1125,4165963,1,1985-08-02,0.27901785714285715,1.0,1.0
1126,4343032,1,1985-08-09,0.0,0.0,10.0
1127,4343032,1,1985-08-09,0.5964912280701755,1.0,2.0
1128,7346545,1,2014-11-14,0.0,0.0,3.0
1129,7346545,1,2014-11-14,0.3603511171910624,1.0,28.0
1130,6993572,1,2014-12-05,0.0,0.0,6.0
1131,6993572,1,2014-12-05,0.6535675758976729,1.0,41.0
1132,4189534,1,1985-10-07,0.0,0.0,2.0
1133,4189534,1,1985-10-07,0.3244047619047619,1.0,10.0
1134,6063050,1,2014-12-04,0.0,0.0,4.0
1135,6063050,1,2014-12-04,0.7782843137254902,1.0,108.0
1136,3617028,1,1985-11-14,0.0,,
1137,3983569,1,1985-11-01,0.25,1.0,3.0
1138,4327709,1,1985-11-01,0.0,0.0,11.0
1139,4327709,1,1985-11-01,0.17410714285714285,1.0,9.0
1140,4144720,1,1985-11-15,0.30803571428571425,1.0,19.0
1141,6070068,1,2015-03-17,0.0,0.0,1.0
1142,6070068,1,2015-03-17,0.6531582491582492,1.0,16.0
1143,6333045,1,2015-03-20,0.0,0.0,1.0
1144,6333045,1,2015-03-20,0.5365022655977693,1.0,23.0
1145,7244519,1,2015-03-25,0.6535039512493739,1.0,33.0
1146,6846863,1,2015-04-16,0.649947209653092,1.0,6.0
1147,5663757,1,2015-05-06,0.0,0.0,38.0
1148,5663757,1,2015-05-06,0.6954027517087509,1.0,289.0
1149,4373277,1,1986-04-16,0.0,,
1150,7970713,1,2015-06-11,0.0,0.0,11.0
1151,7970713,1,2015-06-11,0.6534843581445523,1.0,24.0
1152,6258540,1,2015-06-12,0.0,0.0,11.0
1153,6258540,1,2015-06-12,0.7517006802721089,1.0,154.0
1154,5800808,1,2015-06-18,0.0,0.0,4.0
1155,5800808,1,2015-06-18,0.6600208044382802,1.0,64.0
1156,7707505,1,2015-06-23,0.5421081677704195,1.0,22.0
1157,7582727,1,2015-07-02,0.7767472527472529,1.0,1.0
1158,6155840,1,2015-06-16,0.0,0.0,8.0
1159,6155840,1,2015-06-16,0.6729166666666666,1.0,164.0
1160,7603382,1,2015-07-06,0.691965811965812,1.0,20.0
1161,6553350,1,2015-07-09,0.0,0.0,1.0
1162,6553350,1,2015-07-09,0.6157917973742303,1.0,81.0
1163,5547017,1,2015-08-19,0.0,0.0,1.0
1164,5547017,1,2015-08-19,0.7008782481785116,1.0,34.0
1165,4306042,1,2015-09-03,0.7068398268398268,1.0,14.0
1166,7316033,1,2015-09-04,0.6461720750678439,1.0,11.0
1167,3817333,1,1986-09-30,0.0,0.0,1.0
1168,3817333,1,1986-09-30,0.30803571428571425,1.0,10.0
1169,6500829,1,2015-10-02,0.7448338870431893,1.0,2.0
1170,4304244,1,1986-10-08,0.0,0.0,6.0
1171,4304244,1,1986-10-08,0.2831665941713788,1.0,1.0
1172,5847053,1,2015-08-28,0.0,0.0,12.0
1173,5847053,1,2015-08-28,0.8167582417582417,1.0,25.0
1174,6074503,1,2015-11-05,0.0,0.0,4.0
1175,6074503,1,2015-11-05,0.5916295918944925,1.0,63.0
1176,6284770,1,2015-11-10,0.0,0.0,3.0
1177,6284770,1,2015-11-10,0.7175658119658119,1.0,32.0
1178,6468967,1,2015-11-12,0.0,0.0,1.0
1179,6468967,1,2015-11-12,0.7812727272727272,1.0,30.0
1180,7712683,1,2015-12-04,0.0,0.0,2.0
1181,7712683,1,2015-12-04,0.6203501709734666,1.0,16.0
1182,5997915,1,2015-12-17,0.0,0.0,3.0
1183,5997915,1,2015-12-17,0.6081352387591494,1.0,37.0
1184,6011040,1,2015-12-17,0.0,0.0,1.0
1185,6011040,1,2015-12-17,0.6081352387591494,1.0,19.0
1186,5191573,1,2015-12-15,0.0,0.0,5.0
1187,5191573,1,2015-12-15,0.7418193202146691,1.0,373.0
1188,5374564,1,2003-11-26,0.0,0.0,335.0
1189,5374564,1,2003-11-26,0.6104874693485041,1.0,218.0
1190,4308374,1,1987-02-05,0.0,0.0,4.0
1191,4308374,1,1987-02-05,0.3641993087557603,1.0,5.0
1192,7346545,1,2016-01-20,0.0,0.0,2.0
1193,7346545,1,2016-01-20,0.3285403050108932,1.0,29.0
1194,7674799,1,2016-02-01,0.0,0.0,21.0
1195,7674799,1,2016-02-01,0.5049019607843137,1.0,65.0
1196,7162549,1,2015-12-02,0.7954185520361992,1.0,29.0
1197,6397458,1,2016-02-10,0.7812727272727272,1.0,52.0
1198,3507103,1,1986-11-05,0.2993970315398887,1.0,6.0
1199,7664516,1,2016-03-01,0.0,0.0,2.0
1200,7664516,1,2016-03-01,0.6372294372294371,1.0,13.0
1201,8287320,1,2016-02-22,0.0,0.0,5.0
1202,8287320,1,2016-02-22,0.6532212885154062,1.0,56.0
1203,3643513,1,1987-04-15,0.4885308673192935,1.0,3.0
1204,8046721,1,2016-02-26,0.0,0.0,14.0
1205,8046721,1,2016-02-26,0.7980392156862746,1.0,71.0
1206,8049729,1,2016-03-01,0.0,0.0,1.0
1207,8049729,1,2016-03-01,0.7659468438538206,1.0,6.0
1208,7806360,1,2016-03-23,0.7011904761904761,1.0,5.0
1209,5612179,1,2016-04-08,0.0,0.0,1.0
1210,5612179,1,2016-04-08,0.7630970336852689,1.0,98.0
1211,3911647,1,1987-05-12,0.0,0.0,1.0
1212,3911647,1,1987-05-12,0.4502602660497397,1.0,14.0
1213,6441168,1,2016-05-13,0.0,0.0,1.0
1214,6441168,1,2016-05-13,0.7154144884241971,1.0,14.0
1215,7121489,1,2016-06-15,0.6660796157484901,1.0,8.0
1216,7031728,1,2016-07-28,0.0,0.0,11.0
1217,7031728,1,2016-07-28,0.6552704576976421,1.0,90.0
1218,7233843,1,2016-08-01,0.0,0.0,4.0
1219,7233843,1,2016-08-01,0.6738720538720538,1.0,134.0
1220,3225801,1,1987-12-30,0.39987864077669893,1.0,2.0
1221,6772215,1,2016-09-16,0.7811655011655012,1.0,26.0
1222,6970695,1,2016-09-22,0.6738720538720538,1.0,6.0
1223,7970379,1,2016-09-23,0.8208460656990069,1.0,3.0
1224,5987610,1,2016-09-30,0.6837496196719498,1.0,512.0
1225,3610799,1,1988-02-12,0.0,0.0,4.0
1226,3610799,1,1988-02-12,0.46164459161147897,1.0,63.0
1227,8578500,1,2016-10-11,0.0,0.0,1.0
1228,8578500,1,2016-10-11,0.6669839974613537,1.0,10.0
1229,5530841,1,2016-10-17,0.5848417312661499,1.0,20.0
1230,5284210,1,2003-12-17,0.0,0.0,45.0
1231,5284210,1,2003-12-17,0.5398707218566033,1.0,19.0
1232,5938691,1,2016-11-17,0.5345960264900663,1.0,97.0
1233,7024205,1,2016-11-15,0.0,0.0,11.0
1234,7024205,1,2016-11-15,0.7299415204678363,1.0,100.0
1235,7834605,1,2016-12-12,0.682376283846872,1.0,2.0
1236,4221071,1,1988-06-01,0.0,0.0,2.0
1237,4221071,1,1988-06-01,0.2604726100966702,1.0,1.0
1238,8488173,1,2017-02-13,0.0,,
1239,3950635,1,1988-06-09,0.0,0.0,2.0
1240,3950635,1,1988-06-09,0.4011983082706767,1.0,8.0
1241,4076698,1,1988-06-15,0.0,0.0,32.0
1242,4076698,1,1988-06-15,0.13636363636363635,1.0,55.0
1243,4150265,1,1988-06-23,0.0,0.0,1.0
1244,4150265,1,1988-06-23,0.38442881397040973,1.0,1.0
1245,6510434,1,2017-03-07,0.0,0.0,1.0
1246,6510434,1,2017-03-07,0.7401493930905695,1.0,182.0
1247,7984081,1,2017-03-07,0.7401493930905695,1.0,1.0
1248,6889168,1,2017-03-21,0.7336479367866551,1.0,29.0
1249,8005303,1,2017-04-28,0.6754952627045651,1.0,5.0
1250,7947724,1,2017-05-01,0.6724919093851133,1.0,10.0
1251,7223552,1,2017-06-16,0.7477851605758582,1.0,18.0
1252,4848775,1,1996-06-12,0.0,0.0,1.0
1253,4848775,1,1996-06-12,0.6654579002173953,1.0,1.0
1254,4006770,1,1988-12-29,0.0,0.0,4.0
1255,4006770,1,1988-12-29,0.3972964496584199,1.0,6.0
1256,7581688,1,2017-08-04,0.6921713463785921,1.0,3.0
1257,7626349,1,2017-08-22,0.7794871794871795,1.0,32.0
1258,6826548,1,2017-08-28,0.6958164060326116,1.0,49.0
1259,7272021,1,2017-08-30,0.6110737869652598,1.0,23.0
1260,6918532,1,2017-09-07,0.7506150145243282,1.0,49.0
1261,5733303,1,2004-01-14,0.0,0.0,125.0
1262,5733303,1,2004-01-14,0.6913520632133451,1.0,143.0
1263,7566003,1,2017-10-18,0.7568027210884354,1.0,13.0
1264,7814032,1,2017-10-16,0.7336479367866551,1.0,1.0
1265,8613950,1,2017-11-01,0.6132153442772458,1.0,1.0
1266,5778187,1,2017-11-01,0.7230620155038759,1.0,478.0
1267,6486150,1,2017-10-26,0.5999283844139843,1.0,1.0
1268,7191233,1,2017-12-05,0.5171778220707687,1.0,74.0
1269,3995481,1,1989-06-15,0.0,0.0,4.0
1270,3995481,1,1989-06-15,0.4086621543778802,1.0,13.0
1271,4734089,1,1996-07-10,0.0,0.0,22.0
1272,4734089,1,1996-07-10,0.5669112190750878,1.0,26.0
1273,7447713,1,2018-02-08,0.5789506172839507,1.0,32.0
1274,8018049,1,2018-04-06,0.5842358689052373,1.0,73.0
1275,3345458,1,1989-10-11,0.2217350454118384,1.0,19.0
1276,3760375,1,1990-06-29,0.0,0.0,6.0
1277,3760375,1,1990-06-29,0.5106382978723404,1.0,34.0
1278,3893917,1,1990-07-19,0.0,0.0,15.0
1279,3893917,1,1990-07-19,0.375,1.0,35.0
1280,4632764,1,1990-08-16,0.0,0.0,1.0
1281,3868811,1,1990-10-12,0.6337209302325582,1.0,7.0
1282,3790154,1,1990-10-10,0.0,0.0,3.0
1283,3790154,1,1990-10-10,0.375,1.0,6.0
1284,4677195,1,1991-03-05,0.0,0.0,13.0
1285,4677195,1,1991-03-05,0.5322262235334954,1.0,6.0
1286,4519135,1,1992-03-12,0.0,0.0,12.0
1287,4519135,1,1992-03-12,0.5104088522130532,1.0,21.0
1288,4601720,1,1992-12-28,0.5806683794670522,1.0,5.0
1289,4686993,1,1993-01-26,0.0,0.0,5.0
1290,4686993,1,1993-01-26,0.19766643788606725,1.0,5.0
1291,4914876,1,1993-06-29,0.0,0.0,29.0
1292,4914876,1,1993-06-29,0.5911440390596081,1.0,11.0
