4733971,0,19970103,"['mayer', 'lourie', 'archer']",[],0.6041631162507608
4656605,0,19970103,"['schall', 'mayer', 'rich']",[],0.5055742644452321
4727513,0,19970103,"['schall', 'mayer', 'rich']",[],0.5055742644452321
RE36098,0,20040524,"['lourie', 'plager', 'prost']",[],0.7621617405694288
5186347,0,20050106,"['schall', 'michel']",[],0.36046511627906974
5589984,0,20050119,"['clevenger', 'dyk', 'rader']",[],0.6640633265809065
4817089,0,19970730,"['plager', 'rader', 'archer']",[],0.5624830636296239
4921705,0,19970730,"['plager', 'rader', 'archer']",[],0.5624830636296239
5119375,0,19970730,"['plager', 'rader', 'archer']",[],0.5624830636296239
D342528,0,19970904,"['newman', 'clevenger', 'smith']",[],0.49473684210526314
5376006,0,19971010,"['bryson', 'clevenger', 'plager']",[],0.7308703727541882
5191290,0,19970917,"['bryson', 'schall', 'archer']",[],0.6671073641650674
5633015,0,20050613,"['schall', 'plager', 'archer']",[],0.6162078360579012
4018994,0,19980203,"['newman', 'gajarsa', 'rader']",[],0.5206787330316742
4889675,0,19980514,"['lourie', 'plager', 'michel']",[],0.6851711839425749
5209737,0,19980630,"['schall', 'mayer', 'plager']",[],0.6382468028249665
5308336,0,19980630,"['schall', 'mayer', 'plager']",[],0.6382468028249665
5385553,0,19980630,"['schall', 'mayer', 'plager']",[],0.6382468028249665
6157850,0,20050907,"['lourie', 'prost', 'michel']",[],0.7522396689809024
6263222,0,20050907,"['lourie', 'prost', 'michel']",[],0.7522396689809024
4763440,0,19980710,"['newman', 'clevenger', 'michel']",[],0.5632855022266204
6520862,0,20051104,"['schall', 'mayer', 'linn']",[],0.6128275223955924
5307656,0,19980910,"['gajarsa', 'plager', 'michel']",[],0.6892229714233293
4944308,0,19980930,"['newman', 'mayer', 'bryson']",[],0.5951141718013774
5011743,0,19981006,"['newman', 'clevenger', 'rich']",[],0.43373860182370827
5111577,0,19981006,"['newman', 'clevenger', 'rich']",[],0.43373860182370827
5335227,0,19981124,"['lourie', 'michel', 'rich']",[],0.5578825299316743
5186938,0,19981125,"['clevenger', 'mayer', 'plager']",[],0.6483870967741936
4976532,0,19990330,"['mayer', 'rader', 'rich']",[],0.4499240986717267
5144345,0,19990330,"['mayer', 'rader', 'rich']",[],0.4499240986717267
5260726,0,19990330,"['mayer', 'rader', 'rich']",[],0.4499240986717267
5521911,0,19990330,"['mayer', 'rader', 'rich']",[],0.4499240986717267
4774941,0,19990714,"['clevenger', 'lourie', 'gajarsa']",[],0.7028440848593398
4448419,0,19990720,['schall'],[],0.5961538461538461
5575405,0,19990806,['bryson'],[],0.7303370786516854
5465152,0,19990903,"['bryson', 'gajarsa', 'clevenger']",[],0.7423086117802828
4107257,0,19990930,"['mayer', 'lourie', 'michel']",[],0.6507189061416297
4047692,0,19990930,"['mayer', 'lourie', 'michel']",[],0.6507189061416297
4647496,0,19991101,"['bryson', 'gajarsa']",[],0.47752808988764045
4935047,0,20000127,"['gajarsa', 'michel', 'rader']",[],0.6237451331158581
5502941,0,20000229,"['mayer', 'lourie', 'archer']",[],0.6041631162507608
5288393,0,20000329,"['mayer', 'lourie', 'rader']",[],0.594365973291325
6589541,0,20061212,"['bryson', 'gajarsa', 'clevenger']",[],0.7423086117802828
4509939,0,19940405,"['newman', 'lourie', 'schall']",[],0.5735123367198839
4916163,0,20000911,"['newman', 'skelton', 'archer']",[],0.4542372881355932
5169227,0,20000928,"['bryson', 'mayer', 'rader']",[],0.63700275035712
4283408,0,20001103,"['newman', 'gajarsa', 'rader']",[],0.5206787330316742
5484402,0,20001212,"['newman', 'mayer', 'schall']",[],0.5265508684863522
4314081,0,20010530,"['friedman', 'gajarsa', 'mayer']",[],0.5656923076923077
4696290,0,20010608,"['linn', 'michel', 'rader']",[],0.5847666303415335
4854311,0,20010608,"['linn', 'michel', 'rader']",[],0.5847666303415335
4972649,0,20010821,"['newman', 'gajarsa', 'michel']",[],0.5824686940966011
4537375,0,20011113,"['newman', 'michel', 'schall']",[],0.5524150268336315
4973511,0,20020513,"['clevenger', 'lourie', 'gajarsa']",[],0.7028440848593398
6039119,0,20020514,"['schall', 'mayer', 'lourie']",[],0.6466056463317571
5575405,0,20020607,"['lourie', 'linn']",['mayer'],0.6338983050847458
4581953,0,20020621,"['gajarsa', 'linn', 'rader']",[],0.6094524119947848
5169716,0,20020830,"['gajarsa', 'linn']",['mayer'],0.6381166673676242
5163368,0,20020917,"['bryson', 'clevenger', 'rader']",[],0.6684310444235069
5174205,0,20020917,"['bryson', 'clevenger', 'rader']",[],0.6684310444235069
6006291,0,20030214,"['clevenger', 'mayer', 'michel']",[],0.6369124195942603
5476778,0,20030221,"['clevenger', 'mayer', 'rader']",[],0.5801986353910129
4505373,0,20030401,"['bryson', 'schall', 'rader']",[],0.6578842340739234
4519494,0,20030401,"['bryson', 'schall', 'rader']",[],0.6578842340739234
4569444,0,20030401,"['bryson', 'schall', 'rader']",[],0.6578842340739234
4135202,0,20030721,"['schall', 'dyk', 'gajarsa']",[],0.7292670652107607
6017855,0,20030806,"['dyk', 'prost', 'mayer']",[],0.7671694395320576
3882638,0,19940912,"['mayer', 'lourie', 'rader']",[],0.594365973291325
3972123,0,19940912,"['mayer', 'lourie', 'rader']",[],0.594365973291325
4412402,0,19940912,"['mayer', 'lourie', 'rader']",[],0.594365973291325
4621077,0,20031030,"['newman', 'mayer', 'prost']",[],0.6159059391015979
4785822,0,20031204,"['mayer', 'michel', 'rader']",[],0.5739976170513217
5673989,0,20040120,"['schall', 'prost', 'archer']",[],0.6873865284090217
5926792,0,20040301,"['bryson', 'prost', 'rader']",[],0.7462690946377502
4940658,0,20040608,"['schall', 'friedman', 'rader']",[],0.5020135746606335
5969119,0,20100325,"['lourie', 'gajarsa', 'moore']",[],0.6424505624092889
4562181,0,20040727,"['schall', 'dyk', 'gajarsa']",[],0.7292670652107607
4820833,0,20040727,"['schall', 'dyk', 'gajarsa']",[],0.7292670652107607
4407288,0,20040831,"['newman', 'friedman', 'rader']",[],0.4043058823529412
5763047,0,20040914,"['lourie', 'michel', 'rader']",[],0.6194424799318586
5804112,0,20040914,"['lourie', 'michel', 'rader']",[],0.6194424799318586
4588580,0,20041210,"['newman', 'dyk', 'archer']",[],0.5654377074960685
3921120,0,20050228,"['schall', 'michel']",[],0.36046511627906974
4029233,0,20050228,"['schall', 'michel']",[],0.36046511627906974
5845265,0,20050316,"['bryson', 'clevenger']",[],0.4506335166148697
4636214,0,20050328,"['dyk', 'prost', 'rader']",[],0.7418698956603549
5222985,0,20050328,"['dyk', 'prost', 'rader']",[],0.7418698956603549
5799151,0,20050422,"['newman', 'dyk', 'bryson']",[],0.6862041005444226
5697882,0,20050510,"['bryson', 'mayer', 'lourie']",[],0.7115591511827501
5711752,0,20050516,"['dyk', 'lourie', 'plager']",[],0.7393119167676647
5505233,0,20020624,"['bryson', 'friedman', 'clevenger']",[],0.6379918718622998
5951927,0,20050808,"['newman', 'dyk', 'schall']",[],0.6131641554321967
6076094,0,20050819,"['dyk', 'mayer', 'rader']",[],0.6326477435004597
5110046,0,20050919,"['clevenger', 'dyk', 'rader']",[],0.6640633265809065
4981797,0,20051005,"['dyk', 'prost', 'rader']",[],0.7418698956603549
5464709,0,20060125,"['newman', 'schall', 'archer']",[],0.502477183833116
5658590,0,20110729,"['newman', 'lourie']",[],0.2581132075471698
6266892,0,20110902,"['bryson', 'mayer']",[],0.40521928234867705
6298577,0,20110902,"['bryson', 'mayer']",[],0.40521928234867705
4550540,0,19950104,"['newman', 'plager']",['mayer'],0.5395368072787428
6306382,0,20060321,"['newman', 'mayer', 'gajarsa']",[],0.556029776674938
5900514,0,20060323,"['dyk', 'lourie', 'rader']",[],0.6783415906724486
6781231,0,20110603,"['mayer', 'lourie', 'gajarsa']",[],0.6745325155672082
7242089,0,20110603,"['mayer', 'lourie', 'gajarsa']",[],0.6745325155672082
3684560,0,19950123,"['newman', 'mayer', 'clevenger']",[],0.537213452299245
5382714,0,20060925,"['newman', 'mayer', 'bryson']",[],0.5951141718013774
RE36355,0,20060920,"['dyk', 'archer']",['schall'],0.6580061559967204
5367726,0,20061002,"['schall', 'dyk', 'rader']",[],0.6535207818258151
5229382,0,20061226,"['schall', 'gajarsa', 'rader']",[],0.6194657152801949
5449865,0,20120529,"['lourie', 'rader', 'reyna']",[],0.685989835854898
6381354,0,20120525,"['lourie', 'rader', 'reyna']",[],0.685989835854898
6502579,0,20070627,"['lourie', 'prost', 'moore']",[],0.7015735209839534
4687777,0,20070628,"['bryson', 'dyk', 'lourie']",[],0.7838002050053655
RE34712,0,20070905,"['schall', 'friedman', 'lourie']",[],0.5829535558780842
5688819,0,20130128,"['rader', 'wallach']",[],0.36925358378645573
5799273,0,20071012,"['newman', 'gajarsa', 'rader']",[],0.5206787330316742
6044471,0,20071116,"['lourie', 'linn']",[],0.37185801087304127
6785825,0,20071116,"['lourie', 'linn']",[],0.37185801087304127
5466823,0,20080307,"['dyk', 'michel']",[],0.4363461999520498
5563165,0,20080307,"['dyk', 'michel']",[],0.4363461999520498
4521431,0,19950421,"['rich', 'archer']",['mayer'],0.457119425134734
5471593,0,20080401,"['newman', 'dyk', 'gajarsa']",[],0.6445678033306899
7287109,0,20130628,"['""omalley""', 'rader']",['wallach'],0.625731362063542
6083213,0,20080818,"['bryson', 'mayer', 'gajarsa']",[],0.7156243901078987
5955955,0,20130906,"['clevenger', 'moore', 'rader']",[],0.5447727628285357
5772874,0,20081007,"['prost', 'linn']",['mayer'],0.6958426799793564
5657317,0,20080924,"['linn', 'prost', 'friedman']",[],0.6369570727071123
6389010,0,20080924,"['linn', 'prost', 'friedman']",[],0.6369570727071123
5527814,0,20081003,"['schall', 'rader']",[],0.29106334841628956
5113780,0,20130919,"['schall', 'prost', 'lourie']",[],0.7486601874584593
4847265,0,20081212,"['lourie', 'newman', 'bryson']",[],0.6445028619885521
5743942,0,20090130,"['friedman', 'bryson', 'rader']",[],0.5688526107072043
6197819,0,20140206,"['moore', 'prost', 'rader']",[],0.6217195230896096
4739762,0,20090331,"['mayer', 'dyk']",[],0.40039906883937476
5895406,0,20090331,"['mayer', 'dyk']",[],0.40039906883937476
5922021,0,20090331,"['mayer', 'dyk']",[],0.40039906883937476
5583122,0,20090513,"['mayer', 'dyk']",[],0.40039906883937476
6679573,0,20090720,"['linn', 'michel', 'schall']",[],0.637003123010218
4763356,0,20090911,"['lourie', 'newman', 'michel']",[],0.5780078982009653
6355623,0,20090916,"['lourie', 'michel']",[],0.3901711276875822
6680302,0,20090916,"['lourie', 'michel']",[],0.3901711276875822
5247434,0,20090910,"['gajarsa', 'dyk', 'newman']",[],0.6445678033306899
4886812,0,20100125,"['linn', 'prost']",['dyk'],0.7729464319249594
7395090,0,20141216,"['schall', 'lourie', 'dyk']",[],0.7253505005012494
6766304,0,20100225,"['lourie', 'rader']",[],0.3150499445061043
6772132,0,20100225,"['lourie', 'rader']",[],0.3150499445061043
6993858,0,20100224,"['prost', 'lourie', 'rader']",[],0.7031996639248187
7000125,0,20100330,"['gajarsa', 'michel']",[],0.3953488372093023
4880076,0,20100401,"['schall', 'lourie', 'rader']",[],0.6151647741825321
5002151,0,20100401,"['schall', 'lourie', 'rader']",[],0.6151647741825321
6937187,0,20100412,"['dyk', 'michel', 'clevenger']",[],0.7162321398511506
6115074,0,20100526,"['mayer', 'dyk']",['clevenger'],0.6888494222700224
6467914,0,20100525,"['prost', 'moore']",['mayer'],0.6523048876997286
6316023,0,20150521,"['lourie', 'taranto', 'hughes']",[],0.6789499589827728
6335031,0,20150521,"['lourie', 'taranto', 'hughes']",[],0.6789499589827728
4835763,0,20100706,['lourie'],['prost'],0.49451595838476453
7757946,0,20150610,"['chen', 'taranto', 'wallach']",[],0.7290084033613444
6906086,0,20100901,"['linn', 'prost', 'rader']",[],0.6682536502641607
5616599,0,20100909,"['linn', 'lourie', 'friedman']",[],0.5725500479692996
6936071,0,20100909,"['moore', 'dyk', 'friedman']",[],0.562458118556701
6433419,0,20101221,"['linn', 'lourie', 'friedman']",[],0.5725500479692996
7141906,0,20160406,"['moore', 'prost', 'clevenger']",[],0.6872032834559555
5663106,0,20110523,"['linn', 'lourie', 'dyk']",[],0.7166896897325918
5544417,0,20160518,"['chen', 'lourie', 'moore']",[],0.6220102201257861
5852277,0,20110613,"['newman', 'clevenger', 'bryson']",[],0.629070045421946
7109373,0,20110624,"['linn', 'clevenger', 'rader']",[],0.590973886850088
5693473,0,20110729,"['moore', 'lourie']",['bryson'],0.6782088059147764
5747282,0,20110729,"['moore', 'lourie']",['bryson'],0.6782088059147764
5837492,0,20110729,"['moore', 'lourie']",['bryson'],0.6782088059147764
RE40812,0,20110825,"['moore', '""omalley""', 'rader']",[],0.4938753342245989
6202649,0,20110826,"['linn', 'rader']",['dyk'],0.6408891881057857
6425401,0,20110826,"['linn', 'rader']",['dyk'],0.6408891881057857
5330526,0,20160728,"['lourie', 'dyk', 'hughes']",[],0.735548404556718
5607454,0,20160728,"['lourie', 'dyk', 'hughes']",[],0.735548404556718
5749905,0,20160728,"['lourie', 'dyk', 'hughes']",[],0.735548404556718
6047212,0,20160728,"['lourie', 'dyk', 'hughes']",[],0.735548404556718
6420139,0,20110831,"['newman', 'rader']",['moore'],0.43245404411764704
6638739,0,20110831,"['newman', 'rader']",['moore'],0.43245404411764704
6319913,0,20161014,"['moore', 'taranto', 'hughes']",[],0.60234375
6579865,0,20161014,"['moore', 'taranto', 'hughes']",[],0.60234375
6879830,0,20120130,"['linn', '""omalley""', 'bryson']",[],0.660347523992544
5084994,0,19951010,"['nies', 'lourie', 'clevenger']",[],0.5893318510741232
5006528,0,20120507,"['moore', 'lourie', 'reyna']",[],0.6843253475670307
8041805,0,20170213,"['prost', 'lourie', 'newman']",[],0.6660306824193264
6182649,0,20170301,"['dyk', 'stoll', 'clevenger']",[],0.7083027361072699
6546924,0,20170301,"['dyk', 'stoll', 'clevenger']",[],0.7083027361072699
5970479,0,20120709,"['linn', '""omalley""']",['prost'],0.6782733080848082
7149720,0,20120709,"['linn', '""omalley""']",['prost'],0.6782733080848082
7725375,0,20120709,"['linn', '""omalley""']",['prost'],0.6782733080848082
5693473,0,20120816,"['moore', 'lourie']",['bryson'],0.6782088059147764
5747282,0,20120816,"['moore', 'lourie']",['bryson'],0.6782088059147764
5837492,0,20120816,"['moore', 'lourie']",['bryson'],0.6782088059147764
5344932,0,20120824,"['lourie', 'dyk', 'wallach']",[],0.7951106527030185
6433277,0,20120822,"['linn', 'newman', 'plager']",[],0.5541938287700999
5740670,0,20120828,"['linn', 'dyk', 'reyna']",[],0.7593735343075495
6035633,0,20120828,"['linn', 'dyk', 'reyna']",[],0.7593735343075495
5550578,0,20120824,"['moore', 'dyk', 'bryson']",[],0.7197762220549055
6034678,0,20120824,"['moore', 'dyk', 'bryson']",[],0.7197762220549055
6100883,0,20120824,"['moore', 'dyk', 'bryson']",[],0.7197762220549055
7399772,0,20120904,"['moore', 'newman', 'rader']",[],0.4363419117647058
6060499,0,20120928,"['newman', 'wallach']",['clevenger'],0.6367959949937423
6586458,0,20120928,"['newman', 'wallach']",['clevenger'],0.6367959949937423
6979117,0,20120906,"['prost', 'lourie', 'newman']",[],0.6660306824193264
7281842,0,20120906,"['prost', 'lourie', 'newman']",[],0.6660306824193264
4879749,0,20121012,"['linn', 'plager', 'rader']",[],0.5965858833755144
6047781,0,20121115,"['moore', 'prost', 'wallach']",[],0.7580235657347051
6068069,0,20121115,"['moore', 'prost', 'wallach']",[],0.7580235657347051
6085851,0,20121115,"['moore', 'prost', 'wallach']",[],0.7580235657347051
4356170,0,19931006,"['skelton', 'lourie']",['rader'],0.5638179800221976
7853243,0,20170714,"['chen', 'stoll', 'newman']",[],0.5521159420289855
6052980,0,20121204,"['newman', 'plager', 'rader']",[],0.5079185520361991
6249876,0,20130326,"['""omalley""', 'lourie', 'reyna']",[],0.6975956185489453
3182511,0,19830721,"['markey', 'friedman', 'nies']",[],0.37097902097902097
6000608,0,20130520,"['dyk', 'moore']",['mayer'],0.6275409461257067
5337753,0,20130426,"['schall', 'newman', 'wallach']",[],0.6311570782159017
3758051,0,19830920,"['markey', 'baldwin']",['davis'],0.29836829836829837
7030149,0,20171222,"['mayer', 'hughes', 'moore']",[],0.579594363604488
7320976,0,20171222,"['mayer', 'hughes', 'moore']",[],0.579594363604488
8748425,0,20171222,"['mayer', 'hughes', 'moore']",[],0.579594363604488
8807861,0,20171122,"['chen', 'hughes', 'plager']",[],0.6770772946859903
3459199,0,19831123,"['smith', 'markey', 'cowen']",[],0.42234081707765925
5800808,0,20130726,"['moore', 'rader']",[],0.2364889705882353
6048898,0,20130726,"['moore', 'rader']",[],0.2364889705882353
6054430,0,20130726,"['moore', 'rader']",[],0.2364889705882353
6342476,0,20130726,"['moore', 'rader']",[],0.2364889705882353
6362161,0,20130726,"['moore', 'rader']",[],0.2364889705882353
6620847,0,20130726,"['moore', 'rader']",[],0.2364889705882353
6939539,0,20130726,"['moore', 'rader']",[],0.2364889705882353
7199098,0,20130726,"['moore', 'rader']",[],0.2364889705882353
3178820,0,19840104,"['skelton', 'markey', 'nies']",[],0.40967365967365965
5985347,0,20130806,"['davis', 'reyna', 'rader']",[],0.6060569976978645
3760424,0,19840124,"['kashiwa', 'nies']",[],0.18648018648018647
7030149,0,20130501,"['prost', '""omalley""', 'dyk']",[],0.7520941177844541
6753013,0,20130812,"['""omalley""', 'reyna', 'rader']",[],0.6201988929543109
3837292,0,19840125,"['nichols', 'markey', 'friedman']",[],0.2527272727272727
D226990,0,19840214,"['nichols', 'kashiwa', 'bennett']",[],0.38106060606060604
5275616,0,20130911,"['lourie', 'plager', 'wallach']",[],0.7553475381444305
5716375,0,20130911,"['lourie', 'plager', 'wallach']",[],0.7553475381444305
3345458,0,19840320,"['markey', 'kashiwa', 'nies']",[],0.38768806950625134
3945315,0,19840321,"['markey', 'cowen', 'bennett']",[],0.5092657342657343
3523889,0,19840327,"['markey', 'davis', 'friedman']",[],0.4083216783216783
3282600,0,19840329,"['miller', 'friedman']",[],0.2672727272727273
4183057,0,19840427,"['smith', 'miller']",[],0.30143540669856456
RE28100,0,19840412,"['smith', 'davis', 'rich']",[],0.40909967225756694
6610545,0,20131230,"['taranto', 'clevenger', 'newman']",[],0.5608510638297872
3319515,0,19840712,"['nichols', 'friedman', 'baldwin']",[],0.16925925925925925
6411941,0,20140303,"['chen', 'taranto', 'rader']",[],0.6010509803921568
3494297,0,19841109,"['smith', 'davis', 'nies']",[],0.43562060970967853
6618707,0,20140407,"['wallach', 'reyna', 'rader']",[],0.7421182714571897
5721244,0,20140421,"['linn', 'newman', 'wallach']",[],0.6201965531975503
6946149,0,20140422,['prost'],"['moore', 'dyk']",0.7347931369833317
3447978,0,19841227,"['miller', 'markey', 'baldwin']",[],0.37695133149678606
6925357,0,20140509,"['""omalley""', 'lourie', 'rader']",[],0.57438670837117
7593030,0,20140509,"['""omalley""', 'lourie', 'rader']",[],0.57438670837117
3181461,0,19850221,"['nichols', 'markey', 'davis']",[],0.2822455322455322
7640320,0,20140620,"['schall', 'moore', 'reyna']",[],0.659397140688259
2945666,0,19850312,"['bissell', 'nies', 'newman']",[],0.3569230769230769
7947739,0,20140822,"['lourie', 'dyk', 'reyna']",[],0.7866337697969882
8022106,0,20140822,"['lourie', 'dyk', 'reyna']",[],0.7866337697969882
8273795,0,20140822,"['lourie', 'dyk', 'reyna']",[],0.7866337697969882
3941926,0,19850718,"['smith', 'newman']",[],0.18947368421052632
4009335,0,19850718,"['smith', 'newman']",[],0.18947368421052632
3637153,0,19850626,"['skelton', 'markey', 'davis']",[],0.4481351981351981
6502135,0,20140916,['chen'],[],0.6133333333333333
7418504,0,20140916,['chen'],[],0.6133333333333333
7490151,0,20140916,['chen'],[],0.6133333333333333
7921211,0,20140916,['chen'],[],0.6133333333333333
6158011,0,20141014,"['linn', '""omalley""', 'lourie']",[],0.6180170751325212
3537146,0,19851002,"['markey', 'cowen', 'newman']",[],0.38601398601398607
3409579,0,19851025,"['markey', 'kashiwa', 'davis']",[],0.42551388005933455
3485797,0,19851025,"['markey', 'kashiwa', 'davis']",[],0.42551388005933455
3676392,0,19851025,"['markey', 'kashiwa', 'davis']",[],0.42551388005933455
4261339,0,19851101,"['markey', 'davis']",[],0.1993006993006993
PP16229,0,20150109,"['prost', 'hughes', 'bryson']",[],0.7955367782348456
PP16284,0,20150109,"['prost', 'hughes', 'bryson']",[],0.7955367782348456
5860973,0,20150302,"['lourie', 'dyk', 'reyna']",[],0.7866337697969882
6945933,0,20150302,"['lourie', 'dyk', 'reyna']",[],0.7866337697969882
7470236,0,20150302,"['lourie', 'dyk', 'reyna']",[],0.7866337697969882
5879958,0,20150310,"['chen', 'taranto', 'wallach']",[],0.7290084033613444
6427078,0,20150317,"['chen', 'taranto', 'bryson']",[],0.7166142322097377
6992218,0,20150323,"['linn', 'wallach', 'reyna']",[],0.7754480918147812
4195732,0,19860106,"['markey', 'kashiwa', 'rich']",[],0.36157024793388426
5337753,0,20150427,"['schall', 'newman', 'wallach']",[],0.6311570782159017
6239113,0,20150409,"['linn', 'prost', 'newman']",[],0.6277839379059085
6569443,0,20150409,"['linn', 'prost', 'newman']",[],0.6277839379059085
6861411,0,20150409,"['linn', 'prost', 'newman']",[],0.6277839379059085
7056893,0,20150409,"['linn', 'prost', 'newman']",[],0.6277839379059085
3870141,0,19860303,"['nichols', 'bissell', 'baldwin']",[],0.16296296296296295
4051949,0,19860303,"['nichols', 'bissell', 'baldwin']",[],0.16296296296296295
4159763,0,19860303,"['nichols', 'bissell', 'baldwin']",[],0.16296296296296295
7864163,0,20150518,"['prost', '""omalley""', 'chen']",[],0.6988256395733031
3245789,0,19860425,"['smith', 'markey', 'newman']",[],0.39186602870813403
3362821,0,19860425,"['smith', 'markey', 'newman']",[],0.39186602870813403
3578540,0,19860425,"['smith', 'markey', 'newman']",[],0.39186602870813403
3594165,0,19860425,"['smith', 'markey', 'newman']",[],0.39186602870813403
3689262,0,19860425,"['smith', 'markey', 'newman']",[],0.39186602870813403
3753392,0,19860425,"['smith', 'markey', 'newman']",[],0.39186602870813403
3810211,0,19860425,"['smith', 'markey', 'newman']",[],0.39186602870813403
3902501,0,19860430,"['bissell', 'archer']",[],0.2033898305084746
4976008,0,19960304,"['plager', 'nies', 'rich']",[],0.4445148868225791
3655201,0,19860516,"['bissell', 'baldwin', 'nies']",[],0.2712250712250712
4207060,0,19860612,"['cowen', 'newman', 'baldwin']",[],0.2940170940170941
3561934,0,19860611,"['nichols', 'markey', 'newman']",[],0.24393939393939396
3746518,0,19860611,"['nichols', 'markey', 'newman']",[],0.24393939393939396
7851504,0,20150804,"['linn', 'lourie', 'hughes']",[],0.6679099289498199
8278353,0,20150804,"['linn', 'lourie', 'hughes']",[],0.6679099289498199
8299118,0,20150804,"['linn', 'lourie', 'hughes']",[],0.6679099289498199
8309605,0,20150804,"['linn', 'lourie', 'hughes']",[],0.6679099289498199
8338479,0,20150804,"['linn', 'lourie', 'hughes']",[],0.6679099289498199
8182501,0,20150807,"['chen', 'lourie', 'bryson']",[],0.7368915271005582
3902501,0,19860815,"['cowen', 'newman', 'davis']",[],0.42445759368836294
D258100,0,19860910,"['newman', 'davis', 'friedman']",[],0.4037948717948718
D258101,0,19860910,"['newman', 'davis', 'friedman']",[],0.4037948717948718
4376110,0,19860919,"['smith', 'davis', 'rich']",[],0.40909967225756694
7765482,0,20150921,"['prost', 'hughes', 'reyna']",[],0.7983676939198869
7105486,0,20150924,"['mayer', 'moore', 'linn']",[],0.5578731547293603
7655630,0,20150924,"['mayer', 'moore', 'linn']",[],0.5578731547293603
7659253,0,20150924,"['mayer', 'moore', 'linn']",[],0.5578731547293603
7662787,0,20150924,"['mayer', 'moore', 'linn']",[],0.5578731547293603
3365800,0,19861022,"['cowen', 'bissell', 'archer']",[],0.43494132985658407
RE39071,0,20151112,"['hughes', 'wallach', 'bryson']",[],0.7889851104095766
1693633,0,19861205,"['markey', 'newman']",[],0.16363636363636366
3269768,0,19861205,"['markey', 'newman']",[],0.16363636363636366
4302920,0,19861216,"['davis', 'archer', 'rich']",[],0.4263674178928416
6201839,0,20150804,"['chen', 'taranto', 'wallach']",[],0.7290084033613444
6438180,0,20150804,"['chen', 'taranto', 'wallach']",[],0.7290084033613444
3767756,0,19861222,"['markey', 'davis', 'nies']",[],0.40347259578028805
3960006,0,19861230,"['friedman', 'nies', 'rich']",[],0.34575091575091577
3537146,0,19870123,"['markey', 'cowen', 'newman']",[],0.38601398601398607
3660869,0,19870123,"['markey', 'cowen', 'newman']",[],0.38601398601398607
3965538,0,19870123,"['markey', 'cowen', 'newman']",[],0.38601398601398607
6767956,0,20160129,"['chen', 'lourie', 'reyna']",[],0.7399298245614034
6526808,0,20151231,"['lourie', 'hughes', 'wallach']",[],0.7516710211566168
6007575,0,20160205,"['moore', '""omalley""', 'wallach']",[],0.6280358734402852
6240376,0,20160210,"['dyk', 'wallach']",['newman'],0.6985815882116669
5495291,0,20160301,"['mayer', 'stoll', 'chen']",[],0.6264834034595604
8313353,0,20160222,"['moore', '""omalley""', 'wallach']",[],0.6280358734402852
8323060,0,20160222,"['moore', '""omalley""', 'wallach']",[],0.6280358734402852
8323060,0,20160222,"['moore', '""omalley""', 'wallach']",[],0.6280358734402852
3642894,0,19870408,"['markey', 'rich']",['davis'],0.3648851148851149
6948021,0,20160315,"['moore', 'taranto', 'hughes']",[],0.60234375
3486495,0,19870423,"['davis', 'friedman', 'bennett']",[],0.5282820512820513
3788034,0,19870512,"['smith', 'davis', 'friedman']",[],0.44048582995951413
7566537,0,20160509,"['""omalley""', 'hughes', 'wallach']",[],0.6945809944531172
6151604,0,20160512,"['moore', 'taranto', 'hughes']",[],0.60234375
6163775,0,20160512,"['moore', 'taranto', 'hughes']",[],0.60234375
3927580,0,19870825,"['nies', 'bissell', 'archer']",[],0.4092133854845719
5987606,0,20160627,"['chen', '""omalley""', 'newman']",[],0.5145858585858585
7314044,0,20160719,"['chen', '""omalley""', 'moore']",[],0.5564835858585858
7832196,0,20160719,"['chen', '""omalley""', 'moore']",[],0.5564835858585858
7917843,0,20160810,"['linn', '""omalley""', 'moore']",[],0.5379349640472522
4278080,0,19871113,"['cowen', 'davis', 'friedman']",[],0.4344378698224852
3241876,0,19880113,"['newman', 'davis', 'archer']",[],0.44780530204259017
6022329,0,20160912,"['prost', 'hughes', 'newman']",[],0.6517777326290126
6179807,0,20160912,"['prost', 'hughes', 'newman']",[],0.6517777326290126
7144383,0,20160912,"['prost', 'hughes', 'newman']",[],0.6517777326290126
5718012,0,20160916,"['chen', 'prost', 'reyna']",[],0.7960518117724217
5759830,0,20161013,"['chen', '""omalley""', 'stoll']",[],0.6074220465524813
5770193,0,20161013,"['chen', '""omalley""', 'stoll']",[],0.6074220465524813
3849194,0,19880217,"['mayer', 'skelton', 'friedman']",[],0.4874193548387097
5609616,0,20161117,"['chen', 'hughes']",['newman'],0.5670098814229249
8245764,0,20161206,"['newman', 'taranto']",['prost'],0.6385046728971963
6249876,0,20161212,"['chen', 'prost', 'schall']",[],0.7343505871075965
7328845,0,20170105,"['lourie', '""omalley""', 'taranto']",[],0.6297770154373928
RE29487,0,19880427,"['davis', 'nichols', 'markey']",[],0.2822455322455322
7772209,0,20170112,"['dyk', 'prost', 'newman']",[],0.7083534059157917
8399445,0,20170126,"['taranto', 'reyna', 'moore']",[],0.6613486842105263
4410892,0,19880525,"['newman', 'archer', 'friedman']",[],0.4141016949152542
8186457,0,20170216,"['hughes', 'moore', 'stoll']",[],0.595773275047259
4505449,0,19880627,"['newman', 'archer']",[],0.2033898305084746
6474159,0,20170308,"['wallach', 'moore', 'stoll']",[],0.6645134956156376
4128357,0,19880621,"['newman', 'archer', 'friedman']",[],0.4141016949152542
6132109,0,20170316,"['chen', 'lourie', 'moore']",[],0.6220102201257861
8240362,0,20170403,"['newman', 'prost', 'taranto']",[],0.6409345794392524
8245764,0,20170403,"['newman', 'prost', 'taranto']",[],0.6409345794392524
D284420,0,19880729,"['smith', 'mayer', 'nies']",[],0.46913064298463275
D287301,0,19880729,"['smith', 'mayer', 'nies']",[],0.46913064298463275
8023580,0,20170417,"['chen', 'taranto', 'stoll']",[],0.6481739130434783
8457228,0,20170417,"['chen', 'taranto', 'stoll']",[],0.6481739130434783
7432589,0,20170428,"['hughes', 'reyna', 'stoll']",[],0.7167570391005871
7462870,0,20170428,"['hughes', 'reyna', 'stoll']",[],0.7167570391005871
8530250,0,20170428,"['hughes', 'reyna', 'stoll']",[],0.7167570391005871
4337805,0,19880921,"['mayer', 'rich']",['nies'],0.3964906061680255
4365970,0,19881012,"['nies', 'rich', 'nichols']",[],0.22557997557997558
6713446,0,20170717,"['newman', 'mayer', '""omalley""']",[],0.4851612903225806
4376851,0,19890110,"['nies', 'michel', 'markey']",[],0.4602916463381579
3907332,0,19890216,"['smith', 'newman', 'skelton']",[],0.4368421052631579
3884550,0,19890222,"['nies', 'rich', 'bissell']",[],0.3362637362637363
3933454,0,19890222,"['nies', 'rich', 'bissell']",[],0.3362637362637363
3884550,0,19890222,"['nies', 'rich', 'bissell']",[],0.3362637362637363
RE32849,0,19960703,"['newman', 'rader']",['bryson'],0.5559484467944481
5843120,0,20040114,"['gajarsa', 'bryson', 'clevenger']",[],0.7423086117802828
7810144,0,20170913,"['dyk', 'taranto']",['newman'],0.613186504217432
4081701,0,19890328,"['mayer', 'bissell', 'friedman']",[],0.43654193548387094
4533843,0,19890328,"['mayer', 'bissell', 'friedman']",[],0.43654193548387094
3736968,0,19890331,"['newman', 'bennett', 'friedman']",[],0.48260000000000003
3746065,0,19890331,"['newman', 'bennett', 'friedman']",[],0.48260000000000003
3852579,0,19890331,"['newman', 'bennett', 'friedman']",[],0.48260000000000003
6020435,0,20171011,"['newman', 'prost', 'taranto']",[],0.6409345794392524
6252004,0,20171011,"['newman', 'prost', 'taranto']",[],0.6409345794392524
6816356,0,20171121,"['dyk', 'taranto', 'moore']",[],0.6537048969072164
8318800,0,20171109,"['wallach', 'prost', 'taranto']",[],0.7997722453467369
8410167,0,20171109,"['wallach', 'prost', 'taranto']",[],0.7997722453467369
6568969,0,20171207,"['moore', 'stoll', 'plager']",[],0.6001167084726867
6793545,0,20171207,"['moore', 'stoll', 'plager']",[],0.6001167084726867
8144182,0,20171228,"['newman', 'reyna']",[],0.29473684210526313
8434020,0,20180125,"['""omalley""', 'moore']",['wallach'],0.6238302139037433
8713476,0,20180125,"['""omalley""', 'moore']",['wallach'],0.6238302139037433
8061359,0,20180314,"['newman', 'wallach', 'stoll']",[],0.6260869565217392
8586610,0,20180413,"['hughes', 'lourie']",['prost'],0.7563480867571857
4029401,0,19891213,"['archer', 'rich', 'miller']",[],0.50132071318512
4748005,0,19900504,"['rich', 'markey', 'plager']",[],0.44388944388944385
4777192,0,19900504,"['rich', 'markey', 'plager']",[],0.44388944388944385
4155666,0,19900509,"['markey', 'bennett', 'plager']",[],0.5971445221445222
4195945,0,19900509,"['markey', 'bennett', 'plager']",[],0.5971445221445222
4447377,0,19900605,"['mayer', 'archer', 'plager']",[],0.5956400443005144
3760375,0,19900629,['archer'],[],0.5084745762711864
4384298,0,19900730,"['newman', 'rich', 'cowen']",[],0.36043956043956044
4529034,0,19901022,"['michel', 'miller', 'markey']",[],0.5776475110513165
3847333,0,19901023,"['michel', 'clevenger', 'archer']",[],0.6148659415124247
3541581,0,19901120,"['newman', 'rich', 'clevenger']",[],0.4337386018237082
3541581,0,19901120,"['newman', 'rich', 'clevenger']",[],0.4337386018237082
4387297,0,19910614,"['newman', 'nies', 'clevenger']",[],0.46153846153846156
4593186,0,19910614,"['newman', 'nies', 'clevenger']",[],0.46153846153846156
4270275,0,19910920,"['nies', 'michel', 'skelton']",[],0.5074537865235539
4664020,0,19910926,"['newman', 'rader', 'skelton']",[],0.4441176470588235
4223394,0,19910917,"['mayer', 'archer', 'cowen']",[],0.5124616225764395
4519050,0,19910917,"['mayer', 'archer', 'cowen']",[],0.5124616225764395
4685084,0,19910917,"['mayer', 'archer', 'cowen']",[],0.5124616225764395
4422459,0,19920312,"['newman', 'lourie', 'rader']",[],0.5164173140954494
3959322,0,19920319,"['nies', 'michel', 'cowen']",[],0.4875005733681941
4159546,0,19920911,"['newman', 'rader']",[],0.19529411764705884
4831282,0,19921009,"['newman', 'michel', 'rader']",[],0.4961969904240765
4905189,0,19921009,"['newman', 'michel', 'rader']",[],0.4961969904240765
4043027,0,19930310,"['nies', 'clevenger']",[],0.2531369339879978
4656605,0,19930510,"['lourie', 'archer', 'clevenger']",[],0.6351012798617395
4727513,0,19930510,"['lourie', 'archer', 'clevenger']",[],0.6351012798617395
RE29073,0,19930614,"['smith', 'rader', 'plager']",[],0.5449829324442328
6772215,1,20180420,['reyna'],"['bryson', 'dyk']",0.8159830393776634
5998925,1,20180104,[],"['hughes', 'chen', 'wallach']",0.7229082937522836
7531960,1,20180104,[],"['hughes', 'chen', 'wallach']",0.7229082937522836
5084057,1,19970103,[],"['newman', 'bennett', 'rader']",0.4885347593582887
5100420,1,19970103,[],"['newman', 'bennett', 'rader']",0.4885347593582887
4364073,1,19970610,[],"['newman', 'bryson', 'archer']",0.5554513426014093
D419575,1,20050107,[],"['bryson', 'friedman', 'lourie']",0.6394742421030316
4552899,1,19970926,[],"['plager', 'michel', 'archer']",0.6001485703890119
6263215,1,20050203,[],"['lourie', 'prost', 'archer']",0.7003338424156204
4491377,1,19970908,[],"['schall', 'plager', 'archer']",0.5968934911242604
5255636,1,19970916,[],"['lourie', 'michel', 'archer']",0.6132521697741353
5166904,1,19971014,[],"['bryson', 'plager', 'schall']",0.7088333554949804
D352905,1,19980331,['newman'],"['mayer', 'rich']",0.389247311827957
5158554,1,19980630,[],"['gajarsa', 'plager', 'rader']",0.6199559113586264
5386590,1,19980720,[],"['mayer', 'lourie', 'michel']",0.6401859898936999
RE34056,1,19980930,[],"['newman', 'mayer', 'bryson']",0.5865539226992652
4850960,1,20051223,[],"['schall', 'gajarsa', 'michel']",0.6580231411403148
4693399,1,19981207,[],"['mayer', 'michel', 'rader']",0.5620405101275319
4936494,1,19981207,[],"['mayer', 'michel', 'rader']",0.5620405101275319
5260576,1,19990204,[],"['schall', 'gajarsa', 'rader']",0.6053892562942337
5582053,1,20010810,[],"['bryson', 'schall', 'archer']",0.6517211007427157
5306285,1,19990709,[],"['clevenger', 'lourie', 'plager']",0.6781644690115184
4866349,1,20060615,[],"['lourie', 'prost', 'rader']",0.6964390552553237
5081400,1,20060615,[],"['lourie', 'prost', 'rader']",0.6964390552553237
6311682,1,20060627,[],"['newman', 'dyk', 'prost']",0.7012093913409069
6615814,1,20060627,[],"['newman', 'dyk', 'prost']",0.7012093913409069
5190931,1,19990924,[],"['schall', 'lourie', 'smith']",0.5889972118249178
5208149,1,19990924,[],"['schall', 'lourie', 'smith']",0.5889972118249178
4336612,1,19990830,[],"['newman', 'lourie', 'skelton']",0.4806542514089682
4665533,1,19990830,[],"['newman', 'lourie', 'skelton']",0.4806542514089682
4111727,1,19990907,[],"['mayer', 'michel', 'rader']",0.5620405101275319
5148943,1,19990907,[],"['bryson', 'friedman', 'gajarsa']",0.6392106021319505
6251207,1,20060721,[],"['lourie', 'linn', 'plager']",0.6601313620821135
5059192,1,19990930,[],"['mayer', 'michel', 'rader']",0.5620405101275319
5371989,1,19991101,[],"['bryson', 'gajarsa']",0.46456352636127923
6030790,1,20060920,[],"['mayer', 'linn', 'rader']",0.5493841057472743
5884403,1,20060713,[],"['newman', 'bryson', 'prost']",0.7057795480797685
5582331,1,20000110,[],"['mayer', 'rader', 'archer']",0.5111182581288394
5566947,1,20000413,[],"['schall', 'mayer', 'lourie']",0.63703239852053
5241806,1,20000517,[],"['schall', 'mayer', 'gajarsa']",0.6367945536680029
4565341,1,20000613,[],"['bryson', 'plager', 'michel']",0.7117394625233664
RE36200,1,20070130,[],"['bryson', 'dyk', 'mayer']",0.7400924061085932
5401629,1,20000906,[],"['mayer', 'gajarsa', 'michel']",0.6399484486506242
4818411,1,20000907,[],"['clevenger', 'michel', 'rader']",0.5912288616584684
RE32615,1,20001017,[],"['bryson', 'linn', 'clevenger']",0.6962078145196255
6403865,1,20070503,[],"['bryson', 'mayer', 'schall']",0.6779403769481696
5311951,1,20010105,[],"['lourie', 'michel', 'rader']",0.6089074155331287
6567796,1,20070625,[],"['clevenger', 'mayer', 'prost']",0.7078204478540593
6658432,1,20070625,[],"['clevenger', 'mayer', 'prost']",0.7078204478540593
5579845,1,20070629,[],"['bryson', 'linn', 'schall']",0.6868902260375314
5297803,1,20010322,[],"['newman', 'plager', 'michel']",0.5541754756871036
5567600,1,20010312,[],"['bryson', 'linn', 'clevenger']",0.6962078145196255
5567862,1,20010312,[],"['bryson', 'linn', 'clevenger']",0.6962078145196255
5641803,1,20010420,[],"['dyk', 'lourie', 'gajarsa']",0.7408740193217922
5670537,1,20010420,[],"['dyk', 'lourie', 'gajarsa']",0.7408740193217922
5577100,1,20010425,[],"['newman', 'lourie', 'gajarsa']",0.5931675242995997
5473624,1,20010418,[],"['schall', 'michel', 'rader']",0.5812414500683994
5463227,1,20010507,[],"['bryson', 'lourie', 'rader']",0.6754130865829477
4626549,1,20010530,[],"['friedman', 'gajarsa', 'mayer']",0.5460711331679073
5509057,1,20010906,[],"['schall', 'dyk', 'michel']",0.694542675617358
5852824,1,20010918,[],"['newman', 'mayer', 'clevenger']",0.5261886192050914
4640933,1,20010928,[],"['bryson', 'dyk', 'michel']",0.7580673403031635
4663361,1,20010928,[],"['bryson', 'dyk', 'michel']",0.7580673403031635
4694027,1,20010928,[],"['bryson', 'dyk', 'michel']",0.7580673403031635
5306285,1,20011009,[],"['clevenger', 'gajarsa', 'plager']",0.6779344496202108
4826785,1,20010921,[],"['dyk', 'plager', 'rader']",0.6579978541773569
4935801,1,20010921,[],"['dyk', 'plager', 'rader']",0.6579978541773569
5443717,1,20011023,[],"['bryson', 'dyk', 'rader']",0.7135005212556469
5404263,1,20011026,[],"['friedman', 'lourie', 'michel']",0.5698990785432207
5213889,1,20011221,[],"['newman', 'bryson', 'rader']",0.5504341164453523
6068609,1,20080828,[],"['schall', 'michel', 'rader']",0.5812414500683994
5544320,1,20020709,[],"['newman', 'mayer', 'prost']",0.6077931866144105
5696901,1,20020709,[],"['newman', 'mayer', 'prost']",0.6077931866144105
5974444,1,20020709,[],"['newman', 'mayer', 'prost']",0.6077931866144105
4572191,1,20020711,[],"['newman', 'gajarsa', 'prost']",0.6592717251595756
5899283,1,20020730,[],"['dyk', 'mayer', 'michel']",0.6770036581310276
5950743,1,20020730,[],"['dyk', 'mayer', 'michel']",0.6770036581310276
5108220,1,20020801,[],"['gajarsa', 'linn', 'prost']",0.7324954205201314
5462535,1,20020919,[],"['newman', 'bryson', 'schall']",0.6074222126188418
5984906,1,20020919,[],"['newman', 'bryson', 'schall']",0.6074222126188418
5999323,1,20020919,[],"['newman', 'bryson', 'schall']",0.6074222126188418
5622912,1,20020904,[],"['mayer', 'lourie', 'linn']",0.627918132395267
5458004,1,20090109,[],"['schall', 'lourie', 'prost']",0.7406779431113764
4740046,1,19940803,[],"['schall', 'plager', 'cowen']",0.5640361857077834
4652321,1,20030228,[],"['lourie', 'plager', 'michel']",0.6719208829783644
4872296,1,20030228,[],"['lourie', 'plager', 'michel']",0.6719208829783644
4988621,1,20030606,[],"['newman', 'prost', 'rader']",0.5710985056724474
4701069,1,20090520,[],"['mayer', 'rader']",0.2645161290322581
5892690,1,20090601,[],"['mayer', 'gajarsa', 'linn']",0.6276794100741614
5523423,1,20030723,[],"['newman', 'gajarsa', 'clevenger']",0.5745685165897932
6014643,1,20030729,[],"['lourie', 'linn', 'gajarsa']",0.6724598820857216
5248505,1,20030801,[],"['lourie', 'michel', 'archer']",0.6132521697741353
5612054,1,20030801,[],"['lourie', 'michel', 'archer']",0.6132521697741353
5679376,1,20030801,[],"['lourie', 'michel', 'archer']",0.6132521697741353
5716641,1,20030801,[],"['lourie', 'michel', 'archer']",0.6132521697741353
4659716,1,20030801,[],"['bryson', 'plager', 'rader']",0.662143474503025
4837635,1,20030807,[],"['schall', 'dyk', 'mayer']",0.6738971246578497
5630976,1,20030826,[],"['lourie', 'linn', 'gajarsa']",0.6724598820857216
6108703,1,20030915,[],"['newman', 'dyk', 'gajarsa']",0.6328713382837095
RE39221,1,20090826,[],"['mayer', 'prost', 'moore']",0.6462565006029545
4525352,1,20031121,[],"['bryson', 'mayer', 'rader']",0.6281133402980619
4529720,1,20031121,[],"['bryson', 'mayer', 'rader']",0.6281133402980619
4560552,1,20031121,[],"['bryson', 'mayer', 'rader']",0.6281133402980619
6031093,1,20031121,[],"['bryson', 'mayer', 'rader']",0.6281133402980619
6048977,1,20031121,[],"['bryson', 'mayer', 'rader']",0.6281133402980619
6051703,1,20031121,[],"['bryson', 'mayer', 'rader']",0.6281133402980619
6218380,1,20031121,[],"['bryson', 'mayer', 'rader']",0.6281133402980619
5056578,1,20031205,[],"['clevenger', 'dyk', 'gajarsa']",0.7254557060983909
5241671,1,20091204,[],"['friedman', 'lourie', 'prost']",0.661470640098748
5139368,1,20040129,[],"['newman', 'michel', 'rader']",0.48507213033204827
5171107,1,20040129,[],"['newman', 'michel', 'rader']",0.48507213033204827
RE34614,1,20020605,[],"['dyk', 'lourie', 'plager']",0.7296245866562926
5336264,1,20040406,[],"['newman', 'friedman', 'schall']",0.43918706293706294
6397547,1,20100225,[],"['dyk', 'lourie']",0.45963820268430267
6421970,1,20100225,[],"['dyk', 'lourie']",0.45963820268430267
4900291,1,20100226,[],"['bryson', 'linn', 'rader']",0.6379720389393617
5686838,1,20100309,[],"['gajarsa', 'prost', 'archer']",0.700089761867047
5952027,1,20040712,[],"['schall', 'gajarsa', 'linn']",0.6460255574499383
6254887,1,20100603,[],"['dyk', 'lourie', 'linn']",0.7087464023025264
7074430,1,20100603,[],"['dyk', 'lourie', 'linn']",0.7087464023025264
4857713,1,20100507,[],"['clevenger', 'mayer', 'gajarsa']",0.6464459813807789
6436015,1,20041214,[],"['newman', 'dyk', 'archer']",0.551353787746414
5994329,1,20050128,[],"['gajarsa', 'prost', 'rader']",0.696192610761055
6244781,1,20050311,[],"['schall', 'lourie', 'prost']",0.7406779431113764
6396273,1,20050316,[],"['bryson', 'friedman', 'rader']",0.5527428949107733
6085176,1,20050316,[],"['bryson', 'clevenger']",0.4394573272770739
4721723,1,20050408,[],"['bryson', 'gajarsa', 'rader']",0.6751673530259121
RE36847,1,20101006,[],"['friedman', 'dyk', 'moore']",0.5455138530927836
5697536,1,20050510,[],"['bryson', 'mayer', 'lourie']",0.704230408884816
5518492,1,20050516,[],"['dyk', 'lourie', 'plager']",0.7296245866562926
5045172,1,20050609,[],"['schall', 'gajarsa', 'rader']",0.6053892562942337
5410856,1,20050622,[],"['dyk', 'gajarsa', 'plager']",0.7294068606519043
5615532,1,20050622,[],"['dyk', 'gajarsa', 'plager']",0.7294068606519043
6405182,1,20050616,[],"['bryson', 'lourie', 'michel']",0.7237096400451608
5932624,1,20050617,[],"['schall', 'michel', 'rader']",0.5812414500683994
6605646,1,20050617,[],"['schall', 'michel', 'rader']",0.5812414500683994
5761605,1,20050628,[],"['bryson', 'dyk', 'schall']",0.7554559204840104
6169878,1,20050628,[],"['bryson', 'dyk', 'schall']",0.7554559204840104
6530929,1,20110126,[],"['bryson', 'lourie', 'prost']",0.7993517184809765
7008422,1,20110126,[],"['bryson', 'lourie', 'prost']",0.7993517184809765
5169242,1,20050728,[],"['linn', 'michel', 'plager']",0.6366468572814652
5567056,1,20050728,[],"['linn', 'michel', 'plager']",0.6366468572814652
6014137,1,20050805,[],"['bryson', 'clevenger', 'prost']",0.785993484978138
4900659,1,20050930,[],"['lourie', 'linn', 'prost']",0.7327198443463474
5633352,1,20051005,[],"['bryson', 'schall', 'archer']",0.6517211007427157
7363592,1,20110504,[],"['bryson', 'lourie', 'linn']",0.7127007254682847
6149055,1,20051121,[],"['schall', 'clevenger', 'rader']",0.5879621161066718
5409693,1,20051220,[],"['bryson', 'linn', 'rader']",0.6379720389393617
5717597,1,20110615,['bryson'],"['dyk', 'prost']",0.8300289802983769
6208980,1,20110615,['bryson'],"['dyk', 'prost']",0.8300289802983769
6233568,1,20110615,['bryson'],"['dyk', 'prost']",0.8300289802983769
6982808,1,20110615,['bryson'],"['dyk', 'prost']",0.8300289802983769
6105575,1,20110708,[],"['bryson', 'dyk', 'mayer']",0.7400924061085932
6609517,1,20110708,[],"['bryson', 'dyk', 'mayer']",0.7400924061085932
5622375,1,20110805,[],"['linn', 'rader', 'prost']",0.658889686081941
6113944,1,20060224,[],"['newman', 'dyk', 'schall']",0.6031612717179727
5567085,1,20060420,['linn'],"['lourie', 'michel']",0.6533939209138709
5820301,1,20060420,['linn'],"['lourie', 'michel']",0.6533939209138709
4381056,1,19950124,[],"['mayer', 'lourie', 'michel']",0.6401859898936999
6796098,1,20111017,[],"['clevenger', 'dyk', 'reyna']",0.7649684641522649
7073304,1,20111017,[],"['clevenger', 'dyk', 'reyna']",0.7649684641522649
6784873,1,20111215,[],"['linn', 'moore', 'rader']",0.5132999439182453
6398548,1,20060830,[],"['schall', 'dyk', 'gajarsa']",0.7167452062872365
6554611,1,20060830,[],"['schall', 'dyk', 'gajarsa']",0.7167452062872365
6124355,1,20060906,[],"['clevenger', 'gajarsa', 'prost']",0.748889772651952
5586992,1,20061003,[],"['schall', 'michel', 'rader']",0.5812414500683994
4870287,1,20061116,[],"['bryson', 'linn', 'archer']",0.6422787911261455
5260581,1,20061116,[],"['bryson', 'linn', 'archer']",0.6422787911261455
5112311,1,20061213,[],"['schall', 'linn', 'rader']",0.5685510775366209
5670264,1,20061214,[],"['bryson', 'mayer', 'clevenger']",0.6874310766312185
5990176,1,20061109,[],"['bryson', 'gajarsa', 'archer']",0.6791722211642227
5482289,1,20061213,[],"['newman', 'mayer', 'rader']",0.46291875107814384
6014137,1,20061218,[],"['newman', 'friedman', 'dyk']",0.501447985004686
5126156,1,20070209,[],"['mayer', 'gajarsa', 'rader']",0.5861236802413272
6270828,1,20070214,[],"['linn', 'prost']",0.43513385078409633
6680396,1,20070214,[],"['linn', 'prost']",0.43513385078409633
4879303,1,20070322,[],"['mayer', 'linn', 'michel']",0.6039931593067759
6722674,1,20120522,[],"['dyk', 'lourie', 'moore']",0.6687194551157363
5813861,1,20070509,[],"['dyk', 'lourie', 'mayer']",0.7002309077561162
6602502,1,20070618,[],"['gajarsa', 'rader', 'archer']",0.5574098218166015
6573103,1,20121120,[],"['bryson', '""omalley""', 'wallach']",0.7363091303937305
5689094,1,20121127,[],"['reyna', 'linn', 'wallach']",0.7642167482514861
5447432,1,20070824,"['""omalley""']","['dyk', 'lourie']",0.6856495316911578
5683243,1,20070824,"['""omalley""']","['dyk', 'lourie']",0.6856495316911578
6244861,1,20070824,"['""omalley""']","['dyk', 'lourie']",0.6856495316911578
6616444,1,20070824,"['""omalley""']","['dyk', 'lourie']",0.6856495316911578
5061722,1,20070911,[],"['mayer', 'linn']",0.311372334609076
6032859,1,20121210,[],"['lourie', 'reyna']",0.4670638861304204
5401741,1,20070912,[],"['dyk', 'michel', 'archer']",0.6508631023735316
6433264,1,20130124,[],"['newman', 'lourie', '""omalley""']",0.5184819897084048
6620319,1,20071107,['newman'],"['lourie', 'linn']",0.5565717940518069
6708212,1,20080108,['moore'],"['mayer', 'rader']",0.507530834914611
6789673,1,20120809,[],"['bryson', '""omalley""', 'prost']",0.7455371206552557
6887832,1,20080125,[],"['bryson', 'michel']",0.42977528089887646
6834603,1,20080221,[],"['dyk', 'prost', 'mayer']",0.7600381042365322
5760068,1,20080307,[],"['dyk', 'michel']",0.42489810596979144
5949636,1,20080328,[],"['bryson', 'moore']",0.3453739466292135
5495301,1,20080416,[],"['newman', 'lourie', 'schall']",0.5643117495711835
5389618,1,20080514,['rader'],"['prost', 'moore']",0.6154295801264431
7454361,1,20130426,['schall'],"['prost', 'rader']",0.6733348839176216
7548866,1,20130426,['schall'],"['prost', 'rader']",0.6733348839176216
7548869,1,20130426,['schall'],"['prost', 'rader']",0.6733348839176216
7660728,1,20130426,['schall'],"['prost', 'rader']",0.6733348839176216
5577618,1,20130514,[],"['dyk', 'reyna', 'mayer']",0.7416977345258724
6478711,1,20130429,[],"['newman', 'dyk', 'bryson']",0.6785066288975705
5648674,1,20130619,[],"['newman', 'lourie', 'wallach']",0.6497664932182134
5978063,1,20130619,[],"['newman', 'lourie', 'wallach']",0.6497664932182134
6161099,1,20080714,[],"['gajarsa', 'plager', 'prost']",0.7527143357481245
6755518,1,20080821,[],"['bryson', 'prost', 'archer']",0.7423143255312294
4498076,1,19950517,[],"['clevenger', 'lourie', 'archer']",0.6199640740564337
4567473,1,19950517,[],"['clevenger', 'lourie', 'archer']",0.6199640740564337
4767708,1,20080908,[],"['prost', 'lourie', 'bryson']",0.7993517184809765
5126270,1,20080908,[],"['prost', 'lourie', 'bryson']",0.7993517184809765
6017745,1,20080908,[],"['prost', 'lourie', 'bryson']",0.7993517184809765
6598603,1,20131030,[],"['linn', 'bryson', 'rader']",0.6379720389393617
6847686,1,20080924,[],"['linn', 'prost', 'friedman']",0.6206874702993822
5097421,1,20081010,[],"['newman', 'michel', 'bryson']",0.6109693089768868
5754250,1,20081010,[],"['schall', 'newman', 'plager']",0.5507766272189349
5822737,1,20081020,[],"['linn', 'moore', 'clevenger']",0.5757091259466283
5963917,1,20081020,[],"['linn', 'moore', 'clevenger']",0.5757091259466283
6213703,1,20131022,[],"['newman', 'dyk', 'rader']",0.5463523347483323
5656667,1,20130912,[],"['""omalley""', 'dyk', 'wallach']",0.7321970025123451
6631109,1,20081223,['gajarsa'],"['linn', 'dyk']",0.7145526149545022
5026109,1,20081224,[],"['moore', 'prost', 'dyk']",0.7324092669091435
6120536,1,20090115,[],"['prost', 'lourie', 'rader']",0.6964390552553237
6457969,1,20090209,[],"['linn', 'lourie', 'clevenger']",0.6558032646340385
6081786,1,20140124,[],"['lourie', 'dyk', 'taranto']",0.7161252674576931
6188988,1,20140124,[],"['lourie', 'dyk', 'taranto']",0.7161252674576931
6855029,1,20090213,[],"['friedman', 'bryson', 'rader']",0.5527428949107732
7145902,1,20140221,[],"['moore', 'dyk', 'wallach']",0.7229939817421814
6396722,1,20090305,[],"['gajarsa', 'plager', 'rader']",0.6199559113586264
8019060,1,20140226,[],"['lourie', 'dyk', 'wallach']",0.7877624109359753
5632307,1,20090325,[],"['dyk', 'bryson']",0.5192575002895865
RE38924,1,20090424,[],"['michel', 'bryson']",0.42977528089887646
7181866,1,20140423,[],"['lourie', 'dyk', 'wallach']",0.7877624109359753
7536871,1,20140630,[],"['prost', 'lourie', 'clevenger']",0.7491042519425071
6010729,1,20090609,[],"['gajarsa', 'dyk', 'rader']",0.6710142899348479
6113963,1,20090609,[],"['gajarsa', 'dyk', 'rader']",0.6710142899348479
6988138,1,20090727,[],"['moore', 'bryson']",0.3453739466292135
6047205,1,20090804,[],"['linn', 'michel']",0.3367165944028381
6787531,1,20090805,['newman'],"['mayer', 'friedman']",0.4232258064516129
6398646,1,20140826,[],"['taranto', 'hughes', 'bryson']",0.7048814400060125
6656045,1,20140826,[],"['taranto', 'hughes', 'bryson']",0.7048814400060125
6314420,1,20140815,['chen'],"['mayer', 'wallach']",0.7020909008764796
6775664,1,20140815,['chen'],"['mayer', 'wallach']",0.7020909008764796
6521831,1,20140829,[],"['linn', 'prost']",0.43513385078409633
5744027,1,20090910,[],"['gajarsa', 'dyk', 'newman']",0.6328713382837095
6284131,1,20090910,[],"['gajarsa', 'dyk', 'newman']",0.6328713382837095
6100287,1,20091119,[],"['mayer', 'prost', 'lourie']",0.7244782452887071
6631400,1,20091202,[],"['linn', 'prost', 'dyk']",0.7675043805859616
5820551,1,20100125,[],"['linn', 'dyk', 'friedman']",0.5950812510920847
5628890,1,20100125,[],"['linn', 'dyk', 'friedman']",0.5950812510920847
7192938,1,20141118,[],"['lourie', 'taranto', 'reyna']",0.7216357293815089
7718634,1,20141118,[],"['lourie', 'taranto', 'reyna']",0.7216357293815089
5803501,1,20100301,['rader'],"['mayer', 'lourie']",0.5892270237370663
6142532,1,20100301,['rader'],"['mayer', 'lourie']",0.5892270237370663
5765305,1,20100311,[],"['linn', 'prost', 'bryson']",0.7713194816474656
5154448,1,20100322,['newman'],"['dyk', 'bryson']",0.6803370786516855
5476928,1,20100326,[],"['linn', 'plager', 'michel']",0.6366468572814652
7616970,1,20150218,[],"['mayer', 'prost', 'lourie']",0.7244782452887071
6104711,1,20100416,[],"['mayer', 'prost', 'linn']",0.6895218775389238
7072190,1,20150313,[],"['mayer', 'taranto', 'clevenger']",0.6188216039279869
7524834,1,20150507,[],"['linn', 'prost', 'bryson']",0.7713194816474656
5367627,1,20100517,[],"['linn', 'gajarsa', 'plager']",0.6598970347340622
6295530,1,20100528,[],"['michel', 'rader']",0.286046511627907
7663061,1,20150417,[],"['chen', 'lourie', 'reyna']",0.7283349884144323
7977575,1,20150417,[],"['chen', 'lourie', 'reyna']",0.7283349884144323
5464826,1,20100728,[],"['prost', 'gajarsa', 'bryson']",0.7991677369499485
5799273,1,20150522,[],"['prost', '""omalley""']",0.38317757009345793
6672115,1,20100722,[],"['linn', 'lourie', 'dyk']",0.7087464023025264
7165426,1,20100722,[],"['linn', 'lourie', 'dyk']",0.7087464023025264
7225649,1,20100722,[],"['linn', 'lourie', 'dyk']",0.7087464023025264
6407128,1,20100802,[],"['prost', 'gajarsa', 'bryson']",0.7991677369499485
6683102,1,20100802,[],"['prost', 'gajarsa', 'bryson']",0.7991677369499485
6789581,1,20150611,[],"['""omalley""', 'dyk', 'wallach']",0.7321970025123451
6655566,1,20100820,[],"['prost', 'archer']",0.37668303500712813
7052340,1,20150622,[],"['moore', 'wallach', 'clevenger']",0.6666585184605758
7297035,1,20150622,[],"['moore', 'wallach', 'clevenger']",0.6666585184605758
6458811,1,20100901,[],"['linn', 'prost', 'rader']",0.6588896860819411
6894064,1,20100901,[],"['linn', 'prost', 'rader']",0.6588896860819411
6061551,1,20150731,[],"['chen', 'lourie', 'bryson']",0.726754292982828
6266518,1,20150731,[],"['chen', 'lourie', 'bryson']",0.726754292982828
6370371,1,20150731,[],"['chen', 'lourie', 'bryson']",0.726754292982828
7496342,1,20150731,[],"['chen', 'lourie', 'bryson']",0.726754292982828
6000608,1,20150616,[],"['moore', 'wallach', 'clevenger']",0.6666585184605758
6189787,1,20150616,[],"['moore', 'wallach', 'clevenger']",0.6666585184605758
6064970,1,20150824,[],"['prost', 'taranto', 'wallach']",0.7882606673150928
7124088,1,20150824,[],"['prost', 'taranto', 'wallach']",0.7882606673150928
7877269,1,20150824,[],"['prost', 'taranto', 'wallach']",0.7882606673150928
8090598,1,20150824,[],"['prost', 'taranto', 'wallach']",0.7882606673150928
8140358,1,20150824,[],"['prost', 'taranto', 'wallach']",0.7882606673150928
6488203,1,20101207,[],"['prost', 'lourie', 'rader']",0.6964390552553237
6502747,1,20101207,[],"['prost', 'lourie', 'rader']",0.6964390552553237
6761309,1,20101207,[],"['prost', 'lourie', 'rader']",0.6964390552553237
6476351,1,20101222,[],"['linn', 'lourie', 'friedman']",0.5565717940518069
5697775,1,20110131,['newman'],"['lourie', 'bryson']",0.6394742421030316
5897308,1,20110131,['newman'],"['lourie', 'bryson']",0.6394742421030316
6093017,1,20110131,['newman'],"['lourie', 'bryson']",0.6394742421030316
6598603,1,20101101,[],"['linn', 'rader']",0.27387836490528417
7394392,1,20151228,[],"['moore', 'reyna', 'clevenger']",0.6566451451101158
7057026,1,20160129,[],"['lourie', 'stoll', 'bryson']",0.7115751536993852
8158346,1,20160129,[],"['lourie', 'stoll', 'bryson']",0.7115751536993852
8486630,1,20160129,[],"['prost', 'lourie', 'wallach']",0.8091943531071396
7003500,1,20160210,[],"['mayer', 'dyk', 'hughes']",0.6845115021471638
7636695,1,20160210,[],"['mayer', 'dyk', 'hughes']",0.6845115021471638
7742993,1,20160210,[],"['mayer', 'dyk', 'hughes']",0.6845115021471638
6818020,1,20160226,['newman'],"['lourie', 'bryson']",0.6394742421030316
5251236,1,20110418,[],"['linn', 'gajarsa', 'dyk']",0.7085187076887234
5674681,1,20110429,[],"['linn', 'gajarsa', 'moore']",0.5931405503042155
6355425,1,20110429,[],"['linn', 'gajarsa', 'moore']",0.5931405503042155
7094863,1,20110429,[],"['lourie', 'rader']",0.30943396226415093
7129317,1,20110429,[],"['lourie', 'rader']",0.30943396226415093
5211954,1,20110622,[],"['gajarsa', 'newman', 'bryson']",0.6372259762709201
7645459,1,20160318,[],"['lourie', 'dyk', 'hughes']",0.7266899520479013
7645460,1,20160318,[],"['lourie', 'dyk', 'hughes']",0.7266899520479013
7584605,1,20160429,['bryson'],"['lourie', 'dyk']",0.780057436471285
6849360,1,20160531,[],"['taranto', 'wallach', 'bryson']",0.7691893697842145
6587759,1,20110627,[],"['gajarsa', 'lourie', 'bryson']",0.7446578931632991
6482520,1,20160617,[],"['reyna', 'wallach', 'clevenger']",0.7791467090755675
5709999,1,20110729,['bryson'],"['moore', 'lourie']",0.6757323908204367
5710001,1,20110729,['bryson'],"['moore', 'lourie']",0.6757323908204367
5753441,1,20110729,['bryson'],"['moore', 'lourie']",0.6757323908204367
6033857,1,20110729,['bryson'],"['moore', 'lourie']",0.6757323908204367
6029154,1,20110816,[],"['prost', 'dyk', 'bryson']",0.8278679074319255
8744933,1,20160713,[],"['linn', '""omalley""', 'stoll']",0.5665070007369197
6921351,1,20160808,[],"['moore', '""omalley""', 'newman']",0.4360085227272727
5800460,1,20160728,[],"['lourie', 'dyk', 'hughes']",0.7266899520479013
5879374,1,20160728,[],"['lourie', 'dyk', 'hughes']",0.7266899520479013
6385594,1,20160725,[],"['schall', '""omalley""', 'moore']",0.5315504807692308
6611816,1,20160725,[],"['schall', '""omalley""', 'moore']",0.5315504807692308
6773859,1,20160819,[],"['prost', 'lourie', 'plager']",0.7529264951236386
6771290,1,20160812,[],"['chen', 'lourie', 'stoll']",0.6515176374077112
6892812,1,20160815,[],"['lourie', 'hughes', 'wallach']",0.741426020777466
6757710,1,20110923,[],"['linn', 'lourie', 'dyk']",0.7087464023025264
5723283,1,20110831,['moore'],"['newman', 'rader']",0.43114889705882353
7217392,1,20161202,[],"['prost', 'hughes', 'reyna']",0.7883544700841907
6728877,1,20161116,[],"['chen', 'prost', 'reyna']",0.7850631251024759
7346766,1,20161116,[],"['chen', 'prost', 'reyna']",0.7850631251024759
8504697,1,20161209,"['""omalley""']","['mayer', 'wallach']",0.6553553972908811
5507254,1,20161212,[],"['dyk', 'clevenger', 'newman']",0.6139818341342798
5645017,1,20161212,[],"['dyk', 'clevenger', 'newman']",0.6139818341342798
5649506,1,20161212,[],"['dyk', 'clevenger', 'newman']",0.6139818341342798
7729528,1,20161222,['reyna'],"['stoll', 'newman']",0.6019866860827958
5017903,1,20120127,[],"['prost', '""omalley""', 'newman']",0.5809048428207306
6120690,1,20120217,[],"['moore', 'prost', 'schall']",0.6658085179277498
4804052,1,20120208,[],"['moore', 'reyna', 'bryson']",0.717078312881924
6292788,1,20120227,[],"['moore', 'prost', 'schall']",0.6658085179277498
6324538,1,20120302,['mayer'],"['newman', 'plager']",0.5341619670651929
6850940,1,20120302,['mayer'],"['newman', 'plager']",0.5341619670651929
7028034,1,20120302,['mayer'],"['newman', 'plager']",0.5341619670651929
7269591,1,20120302,['mayer'],"['newman', 'plager']",0.5341619670651929
5959633,1,20161129,[],"['newman', 'dyk', 'taranto']",0.6021126811332997
6587841,1,20120120,['plager'],"['linn', 'dyk']",0.7024848004229448
5875435,1,20120409,[],"['""omalley""', 'reyna', 'rader']",0.6052115583075335
5714512,1,20120409,[],"['linn', 'prost', 'dyk']",0.7675043805859616
5750561,1,20120409,[],"['linn', 'prost', 'dyk']",0.7675043805859616
7139761,1,20120508,[],"['moore', 'lourie', 'wallach']",0.6846299250832408
D621068,1,20170202,[],"['schall', 'hughes', 'stoll']",0.6289988367020504
7433483,1,20170217,[],"['""omalley""', 'lourie', 'dyk']",0.6790021396615445
7854980,1,20170227,[],"['taranto', 'hughes', 'reyna']",0.7064953353282873
7334720,1,20170301,[],"['prost', 'lourie', 'newman']",0.6595405652362096
8118221,1,20170301,[],"['prost', 'lourie', 'newman']",0.6595405652362096
8336772,1,20170301,[],"['prost', 'lourie', 'newman']",0.6595405652362096
8316445,1,20170307,[],"['dyk', 'stoll', 'reyna']",0.748450855961059
7104347,1,20170307,['stoll'],"['schall', 'prost']",0.7159163723314474
6627233,1,20120622,['newman'],['bryson'],0.2898876404494382
8065156,1,20170419,[],"['chen', 'stoll', 'wallach']",0.7033248081841432
8290778,1,20170419,[],"['chen', 'stoll', 'wallach']",0.7033248081841432
8296146,1,20170419,[],"['chen', 'stoll', 'wallach']",0.7033248081841432
8712777,1,20170419,[],"['chen', 'stoll', 'wallach']",0.7033248081841432
8719037,1,20170419,[],"['chen', 'stoll', 'wallach']",0.7033248081841432
8719038,1,20170419,[],"['chen', 'stoll', 'wallach']",0.7033248081841432
8719039,1,20170419,[],"['chen', 'stoll', 'wallach']",0.7033248081841432
8214097,1,20170421,[],"['mayer', 'dyk', 'taranto']",0.6729758768002866
7614653,1,20170424,[],"['""omalley""', 'hughes', 'wallach']",0.6782974059188893
7056712,1,20170425,[],"['""omalley""', 'lourie', 'taranto']",0.6130624092888244
5926792,1,20120726,[],"['prost', 'lourie', 'wallach']",0.8091943531071396
7249037,1,20120726,[],"['prost', 'lourie', 'wallach']",0.8091943531071396
5641805,1,20120808,[],"['moore', 'prost', '""omalley""']",0.6214588200934579
5709999,1,20120816,['bryson'],"['moore', 'lourie']",0.6757323908204367
5710001,1,20120816,['bryson'],"['moore', 'lourie']",0.6757323908204367
5753441,1,20120816,['bryson'],"['moore', 'lourie']",0.6757323908204367
6033857,1,20120816,['bryson'],"['moore', 'lourie']",0.6757323908204367
7418439,1,20170526,[],"['prost', 'lourie', 'stoll']",0.7316246655370956
RE38370,1,20120822,[],"['linn', 'dyk', 'plager']",0.6964508931571661
6981007,1,20120807,['mayer'],"['prost', '""omalley""']",0.6605969249321676
6489346,1,20120904,[],"['moore', 'newman', 'rader']",0.42727147393048126
6645988,1,20120904,[],"['moore', 'newman', 'rader']",0.42727147393048126
6699885,1,20120904,[],"['moore', 'newman', 'rader']",0.42727147393048126
8127345,1,20170623,[],"['schall', 'prost', 'lourie']",0.7406779431113764
8387155,1,20170623,[],"['schall', 'prost', 'lourie']",0.7406779431113764
8605550,1,20170613,[],"['prost', 'dyk', 'reyna']",0.8291569684399842
6721178,1,20121023,[],"['newman', 'plager', 'wallach']",0.6353499441734735
8305840,1,20170613,[],"['prost', 'dyk', 'reyna']",0.8291569684399842
8605550,1,20170613,[],"['prost', 'dyk', 'reyna']",0.8291569684399842
RE40449,1,20121105,[],"['lourie', 'wallach', 'reyna']",0.7927379492015276
5372392,1,20121114,['moore'],"['linn', 'lourie']",0.5971403301886793
6537385,1,20170706,[],"['chen', 'lourie', 'taranto']",0.6606676342525398
7325377,1,20121206,[],"['prost', 'reyna', 'clevenger']",0.7874791123762878
7526904,1,20121206,[],"['prost', 'reyna', 'clevenger']",0.7874791123762878
7536837,1,20121206,[],"['prost', 'reyna', 'clevenger']",0.7874791123762878
6023683,1,20121121,[],"['prost', '""omalley""', 'dyk']",0.7414249927738703
5834905,1,20121213,[],"['""omalley""', 'plager', 'reyna']",0.671727395411606
6121960,1,20170710,[],"['lourie', 'stoll', 'wallach']",0.7227373311917056
6715639,1,20121227,['prost'],"['moore', 'wallach']",0.7508942683381764
5715314,1,20130122,[],"['prost', 'newman', 'reyna']",0.7076417147371402
5909492,1,20130122,[],"['prost', 'newman', 'reyna']",0.7076417147371402
7272639,1,20130122,[],"['prost', 'newman', 'reyna']",0.7076417147371402
6523680,1,20130123,[],"['prost', 'lourie', 'newman']",0.6595405652362096
6484784,1,20170907,[],"['moore', 'stoll', 'reyna']",0.6356222587719298
8366268,1,20170912,[],"['schall', 'wallach', 'reyna']",0.7714684051758355
8590838,1,20171003,[],"['chen', 'stoll', 'wallach']",0.7033248081841432
5681358,1,20030725,[],"['prost', 'newman', 'michel']",0.6325971626721464
5938799,1,20030725,[],"['prost', 'newman', 'michel']",0.6325971626721464
7092957,1,20171017,[],"['prost', 'stoll', 'wallach']",0.7811233392178488
7499946,1,20171017,[],"['prost', 'stoll', 'wallach']",0.7811233392178488
6016016,1,20171019,[],"['prost', 'hughes', 'reyna']",0.7883544700841907
5490216,1,20171023,[],"['prost', 'hughes', 'reyna']",0.7883544700841907
RE44550,1,20171020,[],"['lourie', 'taranto']",0.37503628447024673
RE37564,1,20130416,[],"['schall', 'prost', 'lourie']",0.7406779431113764
4191166,1,19830803,[],"['cowen', 'kashiwa', 'rich']",0.3135198135198135
5451558,1,20171023,[],"['lourie', 'hughes', 'reyna']",0.7321215261286933
6077281,1,20130603,[],"['dyk', 'wallach', 'rader']",0.7252676692265747
8435944,1,20171122,[],"['chen', 'hughes', 'plager']",0.6595317725752509
6677358,1,20130618,['newman'],"['prost', 'dyk']",0.7029578957510357
3391697,1,19831123,[],"['markey', 'cowen', 'bennett']",0.45687645687645684
3833005,1,19831123,[],"['markey', 'cowen', 'bennett']",0.45687645687645684
3901247,1,19831123,[],"['markey', 'cowen', 'bennett']",0.45687645687645684
7128744,1,20130709,[],"['dyk', 'wallach', 'bryson']",0.8204357035296455
3524680,1,19831207,[],"['miller', 'davis']",0.2517482517482517
5981589,1,20130726,[],"['moore', 'rader']",0.22987132352941178
4262803,1,19840104,[],"['smith', 'friedman', 'nies']",0.3672064777327936
4277930,1,19840104,[],"['smith', 'friedman', 'nies']",0.3672064777327936
7663607,1,20130807,['reyna'],"['linn', 'moore']",0.6413532838983051
7323463,1,20130501,[],"['prost', '""omalley""', 'dyk']",0.7414249927738703
6141658,1,20130809,[],"['schall', 'prost', 'reyna']",0.7799678698903982
7947928,1,20130814,['reyna'],"['""omalley""', 'bryson']",0.7307806031933766
3843859,1,19840214,[],"['nichols', 'kashiwa', 'bennett']",0.26212121212121214
5715314,1,20130904,[],"['prost', 'newman', 'reyna']",0.7076417147371402
7013284,1,20130905,['rader'],"['lourie', 'reyna']",0.6796668419105477
7008439,1,20130911,[],"['lourie', 'plager', 'wallach']",0.7443012037906599
4862618,1,19951228,[],"['schall', 'clevenger', 'archer']",0.5923794696108076
RE30159,1,19840326,[],"['miller', 'cowen', 'nies']",0.42576654115115653
6313749,1,20131022,[],"['prost', 'lourie', 'taranto']",0.7398613729772257
3291004,1,19840503,[],"['markey', 'davis', 'bennett']",0.47692307692307695
5830237,1,20131115,[],"['dyk', 'reyna', 'bryson']",0.8124505924837577
7579377,1,20131211,['newman'],"['prost', 'bryson']",0.7075081381917463
7737181,1,20131211,['newman'],"['prost', 'bryson']",0.7075081381917463
7834060,1,20131211,['newman'],"['prost', 'bryson']",0.7075081381917463
7838558,1,20131211,['newman'],"['prost', 'bryson']",0.7075081381917463
7868044,1,20131211,['newman'],"['prost', 'bryson']",0.7075081381917463
3254510,1,19840705,[],"['smith', 'nies']",0.17206477732793524
3277673,1,19840705,[],"['smith', 'nies']",0.17206477732793524
4107292,1,19840810,[],"['miller', 'kashiwa', 'bennett']",0.5057851239669422
3451352,1,19840816,[],"['smith', 'kashiwa', 'bennett']",0.454066985645933
6730817,1,20140212,[],"['newman', 'dyk', 'rader']",0.5463523347483323
6328994,1,20140220,[],"['chen', 'prost', 'plager']",0.7347232207045292
D634487,1,20140402,[],"['chen', 'prost', 'rader']",0.6752941176470588
D634488,1,20140402,[],"['chen', 'prost', 'rader']",0.6752941176470588
4003440,1,19841115,[],"['smith', 'kashiwa', 'rich']",0.32456140350877194
7410957,1,20140411,['newman'],"['lourie', 'bryson']",0.6394742421030316
7718634,1,20140411,['newman'],"['lourie', 'bryson']",0.6394742421030316
5312550,1,20030826,[],"['schall', 'prost', 'lourie']",0.7406779431113764
6081835,1,20140527,[],"['chen', 'prost', 'rader']",0.6752941176470588
6867423,1,20140609,[],"['lourie', 'hughes', 'bryson']",0.7305490778036888
5206244,1,20140612,[],"['chen', 'plager']",0.36923076923076925
5181181,1,20140613,[],"['moore', 'hughes', 'reyna']",0.6578262061403508
3578036,1,19850221,[],"['davis', 'baldwin', 'rich']",0.20797720797720798
6594691,1,20140620,[],"['schall', 'moore', 'reyna']",0.6465107329622133
7525955,1,20140711,[],"['""omalley""']",0.5
6128415,1,20140711,[],"['moore', 'hughes', 'reyna']",0.6578262061403508
5211954,1,20140806,['newman'],"['moore', 'bryson']",0.549587429775281
3553638,1,19850614,[],"['miller', 'markey', 'baldwin']",0.2715029078665442
7846442,1,20140821,[],"['chen', 'dyk', 'wallach']",0.7714632244650437
7644019,1,20140903,[],"['taranto', 'hughes']",0.3558528428093646
7138061,1,20140910,['moore'],"['newman', 'wallach']",0.56305445473644
7381327,1,20140910,['moore'],"['newman', 'wallach']",0.56305445473644
7410571,1,20140910,['moore'],"['newman', 'wallach']",0.56305445473644
6034652,1,20140910,[],"['chen', 'taranto']",0.3507692307692308
3737358,1,19850626,[],"['skelton', 'markey', 'davis']",0.3926073926073926
4165963,1,19850802,[],"['markey', 'cowen', 'rich']",0.3278943278943279
4343032,1,19850809,[],"['smith', 'miller', 'bennett']",0.5468899521531101
7346545,1,20141114,[],"['""omalley""', 'lourie']",0.32075471698113206
6993572,1,20141205,['mayer'],"['wallach', 'chen']",0.6986500406614258
4189534,1,19851007,[],"['markey', 'friedman', 'rich']",0.31717171717171716
4293654,1,19851007,[],"['markey', 'friedman', 'rich']",0.31717171717171716
RE28525,1,19850925,[],"['cowen', 'davis', 'rich']",0.3599605522682446
RE39038,1,20141224,[],"['taranto', 'hughes', 'bryson']",0.7048814400060125
RE40653,1,20141224,[],"['taranto', 'hughes', 'bryson']",0.7048814400060125
6063050,1,20141204,[],"['prost', 'hughes', 'reyna']",0.7883544700841907
6468286,1,20141204,[],"['prost', 'hughes', 'reyna']",0.7883544700841907
6682544,1,20141204,[],"['prost', 'hughes', 'reyna']",0.7883544700841907
3617028,1,19851114,[],"['cowen', 'davis', 'rich']",0.3599605522682446
3983569,1,19851101,[],"['markey', 'bennett']",0.23636363636363633
4327709,1,19851101,[],"['markey', 'davis']",0.18181818181818182
4144720,1,19851115,[],"['markey', 'bissell', 'davis']",0.3539627039627039
4207747,1,19851115,[],"['markey', 'bissell', 'davis']",0.3539627039627039
4283922,1,19851115,[],"['markey', 'bissell', 'davis']",0.3539627039627039
6070068,1,20150317,[],"['chen', 'taranto', 'bryson']",0.7008643042350907
6333045,1,20150320,['newman'],"['moore', 'plager']",0.4954326923076924
7244519,1,20150325,[],"['linn', 'prost', 'newman']",0.6185789064412539
6846863,1,20150416,[],"['moore', '""omalley""', 'dyk']",0.5965286726804124
5663757,1,20150506,[],"['prost', 'newman', 'bryson']",0.7057795480797685
4373277,1,19860416,[],"['nies', 'friedman', 'archer']",0.38826597131681884
7970713,1,20150611,[],"['mayer', 'taranto', 'hughes']",0.6199590031287087
6258540,1,20150612,[],"['linn', 'wallach', 'reyna']",0.7642167482514862
5800808,1,20150618,['mayer'],"['moore', 'wallach']",0.6402874254540526
7707505,1,20150623,[],"['moore', 'newman', 'reyna']",0.5489259370015949
RE44048,1,20150623,[],"['prost', 'hughes', 'bryson']",0.7868729711590703
7582727,1,20150702,[],"['wallach', 'dyk', 'hughes']",0.774877678547887
7598343,1,20150702,[],"['wallach', 'dyk', 'hughes']",0.774877678547887
6155840,1,20150616,['reyna'],"['linn', 'moore']",0.6413532838983051
7603382,1,20150706,[],"['chen', 'dyk', 'reyna']",0.7624073069271116
8083137,1,20150706,[],"['chen', 'dyk', 'reyna']",0.7624073069271116
6553350,1,20150709,['hughes'],"['plager', 'newman']",0.5680868044998479
5547017,1,20150819,[],"['schall', 'prost', 'clevenger']",0.7247340425531915
RE30366,1,19860815,[],"['cowen', 'newman', 'davis']",0.39065357719203875
4306042,1,20150903,[],"['schall', 'hughes', 'reyna']",0.7073615267265153
7316033,1,20150904,[],"['""omalley""', 'taranto', 'plager']",0.6000000000000001
RE29285,1,19860923,[],"['skelton', 'smith', 'bissell']",0.36409774436090225
3817333,1,19860930,[],"['markey', 'bissell', 'davis']",0.3539627039627039
6500829,1,20151002,[],"['lourie', 'hughes', 'wallach']",0.741426020777466
4304244,1,19861008,[],"['skelton', 'smith', 'bissell']",0.36409774436090225
4373540,1,19861008,[],"['skelton', 'smith', 'bissell']",0.36409774436090225
5847053,1,20150828,[],"['prost', 'dyk', 'wallach']",0.836784603040561
6111023,1,20150828,[],"['prost', 'dyk', 'wallach']",0.836784603040561
6074503,1,20151105,[],"['newman', 'dyk', 'taranto']",0.6021126811332997
6284770,1,20151110,[],"['dyk', 'hughes', 'taranto']",0.7009205944212669
6468967,1,20151112,[],"['hughes', 'wallach', 'bryson']",0.7785465920613484
6852689,1,20151112,[],"['hughes', 'wallach', 'bryson']",0.7785465920613484
8058238,1,20151112,[],"['hughes', 'wallach', 'bryson']",0.7785465920613484
8129342,1,20151112,[],"['hughes', 'wallach', 'bryson']",0.7785465920613484
7712683,1,20151204,['newman'],"['prost', 'taranto']",0.6299928109273903
5997915,1,20151217,['newman'],"['hughes', 'plager']",0.5645484949832777
6673381,1,20151217,['newman'],"['hughes', 'plager']",0.5645484949832777
7172778,1,20151217,['newman'],"['hughes', 'plager']",0.5645484949832777
6011040,1,20151217,['newman'],"['hughes', 'plager']",0.5645484949832777
5191573,1,20151215,[],"['lourie', 'dyk', 'hughes']",0.7266899520479013
5966440,1,20151215,[],"['lourie', 'dyk', 'hughes']",0.7266899520479013
5374564,1,20031126,[],"['mayer', 'schall', 'clevenger']",0.6197633440684229
4308374,1,19870205,[],"['markey', 'davis', 'nies']",0.3709879863726018
7346545,1,20160120,[],"['""omalley""', 'taranto']",0.2923076923076923
7674799,1,20160201,[],"['prost', 'reyna']",0.5579603213641581
7674800,1,20160201,[],"['prost', 'reyna']",0.5579603213641581
7683072,1,20160201,[],"['prost', 'reyna']",0.5579603213641581
8114383,1,20160201,[],"['prost', 'reyna']",0.5579603213641581
7162549,1,20151202,[],"['prost', 'dyk', 'hughes']",0.7832370547552123
6397458,1,20160210,[],"['hughes', 'wallach', 'bryson']",0.7785465920613484
6808551,1,20160210,[],"['hughes', 'wallach', 'bryson']",0.7785465920613484
3507103,1,19861105,[],"['skelton', 'davis', 'rich']",0.36263736263736257
7664516,1,20160301,[],"['chen', 'reyna', 'schall']",0.7033569500674764
8155679,1,20160301,[],"['chen', 'reyna', 'schall']",0.7033569500674764
8438055,1,20160301,[],"['chen', 'reyna', 'schall']",0.7033569500674764
8452646,1,20160301,[],"['chen', 'reyna', 'schall']",0.7033569500674764
8457670,1,20160301,[],"['chen', 'reyna', 'schall']",0.7033569500674764
8287320,1,20160222,[],"['moore', '""omalley""', 'wallach']",0.6122308298319328
3643513,1,19870415,['smith'],"['nies', 'archer']",0.4249639744733411
8046721,1,20160226,[],"['prost', 'dyk', 'reyna']",0.8291569684399842
8074172,1,20160226,[],"['prost', 'dyk', 'reyna']",0.8291569684399842
8049729,1,20160301,[],"['lourie', 'dyk', 'wallach']",0.7877624109359753
7806360,1,20160323,[],"['moore', 'wallach', 'reyna']",0.7289161552779007
5612179,1,20160408,[],"['prost', 'dyk', 'taranto']",0.773974074870115
3911647,1,19870512,[],"['smith', 'davis', 'friedman']",0.4048582995951417
6441168,1,20160513,[],"['mayer', 'dyk', 'hughes']",0.6845115021471638
7121489,1,20160615,[],"['dyk', 'wallach', 'newman']",0.6911459522890693
7031728,1,20160728,[],"['mayer', 'moore', 'wallach']",0.6369866494985091
7672681,1,20160728,[],"['mayer', 'moore', 'wallach']",0.6369866494985091
7233843,1,20160801,[],"['taranto', 'stoll', 'bryson']",0.6847957611514035
8060259,1,20160801,[],"['taranto', 'stoll', 'bryson']",0.6847957611514035
8401710,1,20160801,[],"['taranto', 'stoll', 'bryson']",0.6847957611514035
3225801,1,19871230,[],"['mayer', 'markey', 'rich']",0.386119257086999
6772215,1,20160916,[],"['dyk', 'reyna', 'bryson']",0.8124505924837577
6970695,1,20160922,[],"['taranto', 'stoll', 'bryson']",0.6847957611514035
7970379,1,20160923,[],"['prost', 'wallach', 'bryson']",0.8398106486110142
5987610,1,20160930,['stoll'],"['mayer', 'dyk']",0.674097395931233
6073142,1,20160930,['stoll'],"['mayer', 'dyk']",0.674097395931233
6460050,1,20160930,['stoll'],"['mayer', 'dyk']",0.674097395931233
3610799,1,19880212,[],"['markey', 'newman', 'bennett']",0.4424793388429752
3610806,1,19880212,[],"['markey', 'newman', 'bennett']",0.4424793388429752
8578500,1,20161011,[],"['lourie', 'stoll', 'plager']",0.6589259796806967
5530841,1,20161017,[],"['chen', 'lourie', 'moore']",0.6096992924528302
5680318,1,20161017,[],"['chen', 'lourie', 'moore']",0.6096992924528302
5748488,1,20161017,[],"['chen', 'lourie', 'moore']",0.6096992924528302
5284210,1,20031217,[],"['newman', 'lourie', 'clevenger']",0.574821174409693
5938691,1,20161117,['newman'],"['chen', 'hughes']",0.5565217391304348
7024205,1,20161115,[],"['hughes', 'reyna', 'plager']",0.7203543976999355
7834605,1,20161212,[],"['chen', 'prost', 'schall']",0.7218368080517614
4221071,1,19880601,[],"['smith', 'rich', 'nichols']",0.18932748538011696
8488173,1,20170213,[],"['newman', 'lourie', '""omalley""']",0.5184819897084048
3950635,1,19880609,[],"['smith', 'davis', 'cowen']",0.4163033322952351
4438491,1,19880609,[],"['smith', 'davis', 'cowen']",0.4163033322952351
4076698,1,19880615,[],"['bissell', 'miller']",0.1909090909090909
4150265,1,19880623,[],"['smith', 'nies', 'rich']",0.3346828609986505
6510434,1,20170307,[],"['chen', 'wallach', 'prost']",0.7939213068404932
6546002,1,20170307,[],"['chen', 'wallach', 'prost']",0.7939213068404932
7984081,1,20170307,[],"['chen', 'wallach', 'prost']",0.7939213068404932
6889168,1,20170321,[],"['prost', 'reyna', 'clevenger']",0.7874791123762878
8005303,1,20170428,[],"['lourie', 'reyna', 'stoll']",0.713188837557388
7947724,1,20170501,[],"['dyk', 'mayer', '""omalley""']",0.6324409710675091
7947725,1,20170501,[],"['dyk', 'mayer', '""omalley""']",0.6324409710675091
7960424,1,20170501,[],"['dyk', 'mayer', '""omalley""']",0.6324409710675091
8598219,1,20170501,[],"['dyk', 'mayer', '""omalley""']",0.6324409710675091
7223552,1,20170616,[],"['wallach', 'lourie', 'reyna']",0.7927379492015276
7459286,1,20170616,[],"['wallach', 'lourie', 'reyna']",0.7927379492015276
8349581,1,20170616,[],"['wallach', 'lourie', 'reyna']",0.7927379492015276
4848775,1,19960612,[],"['lourie', 'clevenger', 'plager']",0.6781644690115185
4006770,1,19881229,['newman'],"['nies', 'archer']",0.38826597131681884
7581688,1,20170804,['newman'],"['dyk', 'prost']",0.7029578957510357
7626349,1,20170822,[],"['dyk', 'wallach', 'reyna']",0.8217515438079736
6826548,1,20170828,['newman'],"['wallach', 'prost']",0.7203329930102882
7272021,1,20170830,[],"['chen', 'lourie', 'taranto']",0.6606676342525398
6918532,1,20170907,['reyna'],"['prost', 'taranto']",0.7832305422074237
5733303,1,20040114,[],"['gajarsa', 'bryson', 'clevenger']",0.7293210614391585
5972018,1,20040114,[],"['gajarsa', 'bryson', 'clevenger']",0.7293210614391585
7566003,1,20171018,['linn'],"['wallach', 'reyna']",0.767495758339018
7568617,1,20171018,['linn'],"['wallach', 'reyna']",0.767495758339018
8505816,1,20171018,['linn'],"['wallach', 'reyna']",0.767495758339018
8662390,1,20171018,['linn'],"['wallach', 'reyna']",0.767495758339018
7814032,1,20171016,[],"['prost', 'reyna', 'clevenger']",0.7874791123762878
7818268,1,20171016,[],"['prost', 'reyna', 'clevenger']",0.7874791123762878
8073787,1,20171016,[],"['prost', 'reyna', 'clevenger']",0.7874791123762878
8260629,1,20171016,[],"['prost', 'reyna', 'clevenger']",0.7874791123762878
8429093,1,20171016,[],"['prost', 'reyna', 'clevenger']",0.7874791123762878
8910860,1,20171016,[],"['prost', 'reyna', 'clevenger']",0.7874791123762878
9105002,1,20171016,[],"['prost', 'reyna', 'clevenger']",0.7874791123762878
8613950,1,20171101,[],"['lourie', '""omalley""', 'moore']",0.559035966981132
5778187,1,20171101,[],"['hughes', 'lourie', 'reyna']",0.7321215261286933
5983005,1,20171101,[],"['hughes', 'lourie', 'reyna']",0.7321215261286933
6434622,1,20171101,[],"['hughes', 'lourie', 'reyna']",0.7321215261286933
7266686,1,20171101,[],"['hughes', 'lourie', 'reyna']",0.7321215261286933
6486150,1,20171026,['newman'],"['lourie', 'hughes']",0.5781788351107466
7191233,1,20171205,[],"['newman', 'mayer', '""omalley""']",0.47192082111436945
3995481,1,19890615,[],"['nies', 'michel', 'rich']",0.4019081693500298
4734089,1,19960710,['newman'],"['lourie', 'schall']",0.5664731494920174
7447713,1,20180208,[],"['taranto', 'moore', 'stoll']",0.5634563127090301
8018049,1,20180406,['newman'],"['wallach', 'clevenger']",0.6324155193992491
3345458,1,19891011,[],"['mayer', 'nies']",0.2109181141439206
3760375,1,19900629,[],['archer'],0.4915254237288136
3893917,1,19900719,[],['markey'],0.3939393939393939
3962081,1,19900719,[],['markey'],0.3939393939393939
4024056,1,19900719,[],['markey'],0.3939393939393939
4024212,1,19900719,[],['markey'],0.3939393939393939
4075303,1,19900719,[],['markey'],0.3939393939393939
4081371,1,19900719,[],['markey'],0.3939393939393939
4632764,1,19900816,[],"['nies', 'miller']",0.2097902097902098
3868811,1,19901012,[],['lourie'],0.6415094339622641
4018036,1,19901012,[],['lourie'],0.6415094339622641
3790154,1,19901010,[],['markey'],0.3939393939393939
4677195,1,19910305,[],"['lourie', 'clevenger', 'markey']",0.5741092174251547
RE32601,1,19911204,[],"['smith', 'newman', 'rich']",0.3399122807017544
4519135,1,19920312,[],"['nies', 'rader', 'lourie']",0.5036625971143174
4601720,1,19921228,[],"['mayer', 'michel', 'archer']",0.5665441784174858
4686993,1,19930126,[],"['nies', 'archer']",0.18904823989569755
4914876,1,19930629,[],"['newman', 'lourie', 'plager']",0.5795883361921097
